	S10	S11	S12	S13	S14	S15	S16	S17	S18	S19	S1	S20	S21	S22	S23	S24	S25	S26	S27	S28	S29	S2	S30	S31	S32	S33	S35	S36	S37	S39	S3	S40	S4	S5	S6	S7	S8	S9
M00001	2.0873263862	1.8066138847	1.7864888294	2.8055723018	1.6653314814	1.3991940835	1.6083174982	1.5638043923	1.8163711429	1.5040967448	1.7831201954	1.4994404095	1.8134759303	2.6137439246	1.7440595567	1.7203744036	2.4341156437	1.6630144481	1.6468553248	2.0205726862	2.2965826020	1.6916873729	2.3510965663	1.9026403947	1.6062629687	2.5944975873	1.6425843550	1.9198993013	1.8532304603	1.5767997037	1.7091406435	1.9674997912	1.8347100842	2.4561446231	2.4575417885	1.9190693180	2.4344358177	1.6803366162
M00002	2.4598551491	1.7593353831	1.8601810054	3.1218976386	1.7069416999	1.4734687231	1.6395641143	1.5475783743	1.9332734686	1.8233375422	1.7847195302	1.7242496278	1.8801925767	3.1344015423	1.8429797279	1.7736275266	2.6899914860	1.4894926866	1.7076433184	2.3435394219	2.4008846253	1.6821678509	2.5845162023	1.9202267386	1.6702195342	2.5652330657	1.5913026129	1.7281425139	1.9719964535	1.5121471733	1.7645097550	2.1982882068	2.2393632870	2.6164939133	2.8716873134	1.8612728102	2.6903453168	1.8153899743
M00003	1.9874314239	1.5057538477	1.5306021398	2.6197654237	1.4771667752	1.2549298912	1.4438983169	1.3380659359	1.6271967893	1.5231972409	1.5340264725	1.4354140643	1.6104577440	2.3421857290	1.5179472905	1.5837771758	2.2303023560	1.4432423633	1.4340268667	1.8589420834	1.9910054931	1.4376207377	2.1937900508	1.7307617629	1.4690942931	2.0850668403	1.3976633764	1.6815990308	1.6128824952	1.2911549280	1.4572090569	1.7740833697	1.7760739237	2.1570993337	2.1900686388	1.5548314937	2.2305957212	1.4626847183
M00004	1.3333549966	1.2377437197	1.1094623263	1.4583636673	1.1785373205	0.9069348698	1.0643292416	0.9434001471	1.1255629924	0	1.0887560829	0.9924609344	1.0285089872	1.5263583793	1.0059428456	1.1116443675	1.3115290443	1.4150452563	1.0523472882	0	0	0	0	1.2584634856	1.2227002602	1.3521175151	1.1339600714	1.1856001379	1.2593827579	1.0761541724	1.0392724585	1.1949435691	1.0977214276	1.0628308267	1.3081116119	1.0798460667	1.3117015576	0.9986947559
M00005	1.5339819084	1.1816292355	1.7655438161	1.5582049007	1.1033104568	1.1861901945	1.4663128516	0.7162933507	0.8967920446	0.9994641536	0.9875651112	0.7652561527	0.9724185301	1.1070469150	1.0439863489	1.7401583558	1.8536094100	1.2078149513	0.6005756589	1.6125114201	1.5826381250	1.2242754064	1.5421544277	0.7172049280	0.9402891533	1.0190416729	1.0987384623	1.2855361023	1.0937517016	1.1531207818	0.9868587956	1.3045802639	1.9810846394	1.3237400782	0	1.0926803674	1.8538532265	0.8714625209
M00006	0.7484242941	0.8447827348	0.5346848000	0	0.6418129825	0.4615337406	0.5997537354	0.6176901768	0.8459241517	0	0.4990417420	0.5340807480	0.4537028157	1.3672349891	0.7689854456	0.5347445791	0.7382416502	0.7769800608	0.5172238098	0	0	0	0	0.9823008630	0.7596392997	0.9760167337	0.6279127847	0.6908899368	0.6600962599	0.6781622224	0.7913659461	0.7411485421	0.9066881223	0	0	0.7088046534	0.7383387556	0.7510194757
M00007	1.7410162969	1.5247079778	1.5148585755	2.1026528669	1.5411780893	1.2389132854	1.4132885319	1.2331032609	1.4052018332	1.4791930511	1.5737943642	1.4002517823	1.5597553727	1.6854817695	1.2262839419	1.5254610110	1.6632089756	1.9704369484	1.4059554625	2.0109454154	1.3400210765	1.8769810455	2.0852483923	1.5346261082	1.5770339105	1.5677218971	1.5935139626	1.5835829016	1.6814214333	1.3061114067	1.2141717466	1.5671252667	1.2346067007	1.8938229651	1.7438067752	1.4508874799	1.6634277475	1.2463700361
M00008	0.7461614196	0.7855416515	0.6893506515	0	0.7198485774	0.5336880169	0.7033374031	0.7844657073	0.6846926114	0	0.6464862329	0.5434425321	0.6075586793	1.4189304469	0.7364753970	0.6366911175	0.8627951354	0.7020569962	0.5309497026	0	0	0	0	0.9367245911	0.7706507823	0	0.7063570382	0.7458667378	0.7308851120	0.7979583248	0.8731276003	0.8505721468	0.9115594115	0	0	0.7593116332	0.8629086241	0.7766202340
M00009	0	0.7640394617	0.5933337591	1.0520875770	0.6531959687	0.4214721651	0.6162822027	0.6888300823	0.7922147875	0	0.6308585815	0.5248634396	0.6432740479	0.4016448710	0.6645257418	0.5946987937	0.8118512150	0.6018721927	0.4709004543	0.4954879080	0.4069744000	0.4622110624	0.6323801253	0.9723284672	0.6819822311	0	0.5354296784	0.5330664288	0.5811311234	0.6596228118	0.7037680814	0.5513147761	0.5464959379	0.7446523315	0.7078558234	0.5552908896	0.8119580027	0.6241011867
M00010	1.2387489179	0.8632229813	0.7002657514	1.1716371791	0.9981694655	0.6546146736	0.9900930606	0.9182007369	1.0336966767	0.8763881591	0.9658109876	0.7051950132	0.6608635471	0	1.0724797007	0.6141411587	0.8008841811	0.9427058545	0	0.7768086675	0	0.8163437745	0.8295022631	0.8283915790	0.6736740899	0.7417208734	0.7797412434	0.7756600568	0.7298915617	0.8599180283	0.9077506249	0.7143868017	0	0.9347438994	0	0.6986289890	0.8009895262	0.7988080465
M00011	0.8053546109	0.8335579543	0.5860853404	0	0.6417744130	0.4105975758	0.5387676402	0.6962111905	0.7955748413	0.3755583737	0.5917267110	0.5482151771	0.5879307028	0	0.6251697566	0	0	0.5267581133	0	0	0	0	0	0.9660814112	0.7236023100	0	0.4932145765	0	0.6255222853	0.6487691720	0.6696457981	0.6168684564	0	0.9415359856	0	0.5763590608	0	0.7077618243
M00012	0	0	0	1.0892736222	0.8328383024	0	0	0	0.8347089752	0	0	0	0	0	0	0	0	0.7701358251	0	0	0	0	0	0.9064630051	0.6760182980	0	0	0	0	0	0	0	0	0	0	0	0	0
M00014	1.0710724712	0.9211417939	0.5928609075	0.5417914071	0.6994628639	0.4388435790	0.5881366774	0.6834098227	0.7065622822	0.2971969534	0.7116257989	0.6551722199	0.5083782960	0	0.7184637501	0.5450531171	0.9014968026	0.6316779942	0.4141060028	0.7472007882	0.6882582413	0.7875998365	0.4079706792	0.7971673626	1.0602418562	1.2879250092	0.5359202390	0.4882422867	0.7493267640	0.7103932158	1.3597643015	0.7079274634	0.6715212780	0.9297763262	0	0.6044590355	0.9016153819	0.7928269964
M00015	1.2574007038	1.1795063255	0.9416437189	1.4100492481	0.9322190700	0.6205013697	0.8424583909	0.8933848762	1.2138312673	0.6683479236	0.8593445429	1.0158184180	1.2841069761	0.6942627322	1.1412151271	0.5536320623	0.9763946082	1.0609831469	0.7572888034	0.8984722257	0.8550276893	1.0398709058	1.4282316281	1.3039913146	0.9140324862	1.2494929578	0.9008009598	1.1653548099	0.9187525023	1.0933359030	0.9598076715	0.9914718218	1.0725627183	0.9815987016	1.2194867748	1.1046103707	0.9765230393	1.1704960418
M00016	1.1353499265	0.9843959995	0.9907464326	1.2985435928	1.1069119660	0.8600674050	0.9401496489	0.9614551382	1.0585640545	1.1118578282	1.0102822046	0.9527169173	1.0367342220	1.3041360889	0.9626326289	1.0827331340	1.3211309675	1.2505299614	0.8582044164	1.0487242183	0.8237454928	1.1543418499	1.0485362272	1.1361898943	1.0238590937	1.1871745624	0.9515740571	0.8741310531	0.9097215497	1.0287446831	1.0777559315	0.8079001103	1.0900555957	0.8728530500	1.3051288603	1.0611767275	1.3217970214	1.0779873499
M00017	1.0216473850	0.8436066165	0.8534061979	1.1885853106	0.9491413637	0.6681709020	0.8835547079	0.8025110547	0.9516768341	0.7844376537	0.7235199454	0.7608093365	0.9653690640	0.9323297662	0.7909566112	0.9054816232	1.2711089503	0.9084442093	0.5438608815	0.8660576586	0.7814034156	0.9021524504	0.8037916365	1.0621626472	0.9008114627	1.1774607284	0.8548472670	0.9278336097	0.7800900728	0.8209242730	0.9729695645	0.7537440813	0.8735437984	0.5382516583	0.9386121721	0.7858681843	1.2718504707	0.8390210470
M00018	0.9127234870	0.7475202888	0.7728528213	0.9553615205	0.8581290521	0.6660621584	0.8003530826	0.7732494269	0.9001554698	0.8535329535	0.6504578413	0.6835028401	1.0116002987	0	0.7753398322	0.8480918784	1.1768160295	0.9784399676	0.6723664170	0	0.6418984175	0.9744294631	0	1.0950306331	0.8460813387	0.8610550257	0.8453893694	0.9126879256	0.7938751865	0.7859136740	0.9361468009	0.6142170173	0.8189817080	0	0	0.7576408597	1.1776600118	0.8013982513
M00019	1.4736315776	1.2235273265	1.5822227292	1.4166798008	1.2790207025	0.8814203624	1.2295052375	1.1447957499	1.2382583132	1.1402197467	1.3949096213	1.1093359160	1.3714300897	1.6150823250	1.1429852489	1.6565050086	1.4144269247	1.2720447875	1.2910592788	1.4032932769	1.7670983665	1.5849204611	1.4952822785	1.3896783138	1.2265013584	1.8148251263	1.2570087949	1.4184323919	1.2814698625	1.2644222951	1.1252973826	1.1603362752	1.1265605348	0.9658455357	1.8461369355	1.0379595630	1.4146129728	1.1669294842
M00020	0.9969446873	0.9492360493	0.9228610868	1.4349134688	0.9958590571	0.9674204041	1.1551893689	0.8945983296	1.0274452937	0.8551661597	0.8179667243	0.9547871102	1.2294588614	1.7174615677	1.1706592569	1.0670907129	1.1307962237	1.4105069142	0.9427805404	1.1972325654	0.9452045874	1.2271111817	1.2696448431	1.0482437250	0.9779894292	1.4338477919	0.9997780824	1.0493389686	1.1646365460	0.9393529195	1.1271485097	1.0937311238	1.2879126734	1.5120773358	1.9339177468	1.0480047193	1.1309449642	1.1797965979
M00021	0.7231054174	0.8629092639	0.6080408981	0.7219482404	0.8390064998	0.5896952310	0.9138214754	0.8244307454	0.9962060599	0.4842888764	0.7893973266	0.9781660186	0.8839883707	1.3759748765	0.6043035130	0.7619824846	1.3229241563	0.7854414937	0.9019424139	0.6436283003	0.3483414949	1.0642929825	1.1530915784	0.9338401669	0.7802269342	1.1898920858	0.7702147678	1.0078355155	1.0030088864	0.7491953381	0.9089975594	0.6509708397	1.0332390695	0.9238451730	0.9153451187	0.7765395905	1.3230981685	0.9251303443
M00022	1.0431031518	0.7228451764	0.9947216815	0.9216248278	0.9560107130	0.6174870734	0.7686878987	0.8047443106	0.8948291049	0.7544159582	0.8093315226	0.7319183854	1.0591320009	1.3700248131	0.7971488012	0.8329034816	1.1181490384	0.7728512680	0.7060884184	1.0833623859	0.7463121998	0.7491582759	0.9275536981	0.9712017153	0.8350506714	0.7616274917	0.7649114325	1.0422910493	0.8393515337	0.7604149978	0.8610132547	0.7093648026	0.6392634106	0.5984473046	1.1888416953	0.7616207434	1.1182955796	0.8458774742
M00023	0.7150011012	0.7647377410	0.5939024396	0.5326978270	0.7064094104	0.4725782143	0.5385948359	0.6211106392	0.8049925713	0.5154130766	0.6136090998	0.6464787173	0.6708973006	0.5502574515	0.5971622719	0.6889123961	0.6404659158	0.7588339042	0.8220247873	0.4458707307	0.2788094597	0.5250599105	0.1777621126	0.6961237584	0.6113824174	0.7185144939	0.5863526370	0.6575089098	0.6216826595	0.7092947938	0.7120570357	0.7195235301	0.9490599866	0.7842993543	0.2474208596	0.5491184346	0.6405501602	0.7106346592
M00024	0.4823327998	0.3287074027	0.3428063854	0.1986840265	0.3180312155	0.2727817998	0.2752393184	0.3791371241	0.3635718271	0	0.2536843134	0.3468234299	0.2934126263	0	0.2790450354	0	0.1989003126	0.3277693557	0.2022801355	0	0	0.2350036758	0	0.4015405926	0.3483870998	0.2580077734	0.3419979959	0.3921079143	0.3438411079	0.3698957627	0.3715617180	0.2852492987	0	0.2652079469	0	0.2818039301	0.1989264751	0.3789416012
M00025	0	0.3733187351	0.4425710790	0	0.3395521154	0.3395782054	0.3276801230	0.4296653827	0	0.1796776399	0.2297927420	0.4007964924	0	0	0.3747490435	0	0	0.3584969254	0	0.2056568294	0	0	0	0	0.4190494937	0	0.4045908616	0	0.3976695067	0.3611896358	0.4580834540	0	0.3211230795	0	0	0	0	0.4229936887
M00026	0.8691337456	0.9012831890	0.7630942927	0.3391873892	0.7460336155	0.6162733733	0.7793539375	0.7630330360	0.6576510561	0.6602693518	0.9899402778	0.7310243480	0.8354488121	0.7067690742	0.6472390504	0.6423920978	0.9788332990	0.6272217503	0.6388801763	0.9322171838	0.6746598555	0.8649473086	0.8775202473	0.7946209208	0.8885149261	0.8447115026	0.8271347609	0.7888676519	0.9680827931	0.7900068208	0.8413280151	0.6985468499	0.9250186192	0.6268963530	0.5711980821	0.7167574441	0.9789620509	0.9613441583
M00027	0.2363028848	0.2915080938	0.0934269208	0.6752940023	0.4301607733	0.1593305673	0.1675386933	0.1658451030	0.3718874207	0	0.1256820396	0.1186214915	0.0945395265	0.3696407402	0.2750163571	0.2778621386	0.2929337013	0.2096873990	0	0	0	0.1595181859	0	0.5601827710	0.3909992010	0.2281049420	0.2014660375	0.1539800976	0.0970305360	0.1898571890	0.2803273154	0.2310448536	0.2632931187	0	1.2302012533	0.2195479762	0.2929722326	0.2334075593
M00028	0.6700982269	0.6001085311	0.6078545371	0.5485641186	0.5704823078	0.4385597118	0.6194465594	0.5388266721	0.5370276300	0.3889366516	0.6707765477	0.6675356359	0.5142325319	0.3740711230	0.5818946755	0.6518504307	0.5912419726	0.5885923916	0.3626274064	0.3968969533	0.4575451578	0.6763479012	0.7978730497	0.4809819384	0.6387820050	0.4995075337	0.5759779904	0.4915732714	0.5778050794	0.6087657316	0.5265339023	0.6004613184	0.7492066758	0.6756418822	0.4747029886	0.5802458279	0.5913197422	0.5929946138
M00029	0.8095736019	0.8617775457	1.1634080993	1.2976137447	1.0924173022	0.7142078732	1.1712382402	0.8257255149	0.7945281618	0.9986660002	1.2981397228	0.9183886833	1.0926687228	1.1960020551	0.8688527088	1.0750913051	1.3564925244	0.9958798471	0.9941077061	1.7857169006	1.4021584907	0.7227080126	1.5210603354	1.1991220083	1.0432652331	1.1232618681	1.1276419404	1.1206910376	1.3651549327	1.0471131012	0.7965823062	0.8272506926	0.7236693133	1.0224976492	0.7392102530	0.6497666208	1.3566709521	0.9627306181
M00030	0	0	0	0	0.0602805402	0	0	0	0	0	0	0	0	0	0	0	0	0	0	0	0	0	0	0	0	0	0	0	0	0	0	0	0	0	0	0	0	0
M00032	0	0.1389209342	0.0718779358	0	0	0.0938647454	0.0979226591	0.1048108467	0.1921646035	0	0.1202783301	0.1123491936	0.1010584752	0.2039139378	0.1551933532	0.1030620750	0.2423859238	0.1346419609	0.0797914439	0.1236171872	0.0865933689	0.0831764166	0.1385942309	0.3373737035	0.2001762201	0.1913100123	0.1141520611	0.1333611066	0.0988810603	0.1031924433	0.1245033302	0.0981845282	0	0.1574457989	0	0.1197713431	0.2424178062	0.1468587533
M00033	0	0	0	0	0.8087090045	0.5780826276	0	0	0.8623491798	0	0	0	0	0	0	0	0	0.8258258586	0	0	0	0	0	1.0733845050	0.8061922453	0	0	0	0	0	0	0	0	0	0	0	0	0
M00034	0.1585279176	0.2491905988	0.2476547769	0	0.4460872722	0.2580095367	0.2825631611	0.3140889499	0.2859671648	0.3325785945	0.2559240092	0.2687839158	0.3217185069	0	0.3183947390	0.2390740428	0.2145720568	0.3431427342	0.2562723176	0.2717363651	0.2652702845	0.3191285741	0.4809623576	0.2515675538	0.2907504936	0.2459440584	0.2926747381	0.3755315226	0.2622802553	0.2863445464	0.2516707662	0.2620282255	0.2220748987	0	0	0.2397404648	0.2146002807	0.2483261555
M00035	0.9194672056	0.8153958686	1.1044429401	1.1567470995	0.6898494933	1.0079985434	0.8181587617	0.9929749534	0.7003790382	0.4771589819	0.9348322237	0.8794332617	0.9270676018	1.4627070129	0.9733880446	0.7612618615	1.3890726759	0.7408906851	0.8504627079	1.1023359527	0.8217459496	1.2823157422	0.9649642905	0.6514879953	0.8867970771	1.2090304495	0.7630464105	1.0899929442	1.1447350821	1.0356300887	0.9896533770	1.0793385569	0.5586921878	0.7758703171	0.8382530080	0.7182197695	1.3892553890	0.8820339636
M00036	0	0.5140997452	0	0	0.2255718053	0.2250991917	0	0.3397176166	0.4743995319	0	0	0.3722056193	0.3832008089	0	0	0	0	0	0	0	0	0	0	0.5022839585	0.4113852514	0.4773776834	0.3090035722	0	0.3196998775	0.3474923040	0.3972088469	0.3273263939	0	0	0	0	0	0.4021200611
M00040	0	0	0	0	0.4135931113	0	0	0	0.1091141710	0	0	0	0	0	0	0.3399710537	0	0.0823309523	0	0	0	0	0	0.2383115970	0.2001887330	0	0	0	0	0	0.1086524825	0	0	0	0	0	0	0
M00045	0.7216825278	0.8179923520	0.5588401809	0	0.1566087093	0.4260043476	0.3919006538	0.8163606848	0.9568651447	0	0.5466924384	0.7475801811	0.7146921010	0	0.8439493063	0.4940144799	0.7120565536	1.2188756065	0.4335912175	0.4954697840	0	0.1925100418	0	0.9743808454	0.5705218988	1.1007757821	0.6775743553	0.7510287790	0.7641875257	0.6286347154	0.7555515048	0.5855781466	1.0507520548	1.1617818629	0.7429081581	0.9026934180	0.7121502148	0.6423177707
M00046	0	0.1697956011	0.1131381461	0.5225934106	0.4795266255	0.1260634597	0.1757413121	0.1652510841	0.2595266349	0	0	0.1363371909	0.3601951909	0	0.1352161809	0.2260349222	0.5263370314	0.3889120438	0.3392945249	0.1797083988	0.3113456653	0	0.1198274772	0.5831845608	0.3497362076	0.8013928350	0.1811168516	0.2255056574	0.0774716993	0.1939808144	0.2446609257	0.1397754150	0.2097378450	0.2309702521	0	0	0.5264062637	0.1230087152
M00048	1.1963846074	1.1765573364	1.0977337954	0.9649014825	0.9471637811	0.8109861931	1.0455397551	1.0938749506	1.0135211674	0.7603696828	1.0303217301	0.9266019575	1.1674441835	1.1646980863	0.8706792493	0.8746923023	1.1889321884	0.9846184780	0.8734368066	1.1102454751	1.0484135498	0.8560180899	0.8930927051	1.0380330499	0.9895924245	0.9554047236	1.0023488851	0.9136386128	1.0890059253	1.0727199064	1.0622948642	1.0441814361	0.8545028329	1.4325627125	1.2696352850	1.0107356978	1.1890899509	1.1222235666
M00049	1.2048702164	1.2218366638	1.2952120923	0.9833928561	1.0275741354	1.0303675067	1.0883100101	1.2225643754	1.2310975970	1.1093254865	1.2512015233	1.1033453642	1.1568269738	1.6722701622	1.2278947607	1.1269560977	1.2502999899	1.1398223970	1.2150802755	1.4799837999	1.3560269494	1.4572925416	1.4211318048	1.3641979518	1.0629949176	1.3388563433	1.1769435353	1.0478324390	1.2214881169	1.1385791777	0.9954964809	1.2859730306	1.3654697875	1.1956832528	1.3681116851	1.2141129660	1.2454446966	1.1366123160
M00050	1.3604393444	1.3122113971	1.2084389992	1.3508621603	1.0078311214	1.0441000199	1.0693236660	1.2450458476	1.3641540106	1.0230196208	1.2162370745	1.2230384606	1.2903737597	1.2238812525	1.1216611090	1.1506684567	1.3485595788	1.2759779053	1.1753589248	1.3132383974	1.1874341245	1.0869354149	1.2881722498	1.2917157146	1.2172782207	1.3228188671	1.1795497463	1.2166617218	1.1426386272	1.2667910840	1.0693889518	1.5365478724	1.2259261155	1.5398123736	1.3677789653	1.0093192094	1.3436892495	1.2988944505
M00051	1.4354253431	1.2451930133	1.2690343152	0.8212721970	1.0552345392	0.9051546898	1.1702568648	1.1049854449	1.1326701707	0.8249497619	1.1514024483	1.1303374093	1.2048625675	1.7549121887	1.1600739799	1.2065833698	1.4071444927	1.2082369944	1.0642325966	1.5164051808	1.3158907335	0.8129136784	1.4271642419	1.1775440987	1.2211019875	1.4911553166	1.1554882526	0.9742706566	1.1098245808	1.2790739592	1.1073960607	1.1227132581	1.2378860850	1.2807800566	0.9056431474	1.0798822259	1.4073295829	1.2418433653
M00052	1.2054941788	1.0914462682	0.7369799482	0.6210153868	0.9367147219	0.8941625681	1.0237106189	1.0117470568	1.0286462476	0.7560840524	0.6703665429	1.0426626175	0.7883227138	0.9297844924	1.0285017611	1.3627863227	0.8456368524	0.9478616679	0.6871625455	0.7085872461	0.5735076894	0.5409771005	0.6700546413	1.1648863955	0.9434964187	1.1981799234	0.9846199795	0.6840665353	0.8851762201	1.0127319137	0.9136011679	1.0500369497	0.8782903249	0.9221071341	0.8352947528	0.8618097019	0.8457480841	0.8465845707
M00053	1.0954295744	0.9277587939	0.7661255106	1.0457845249	0.8961274504	0.6361690917	0.6609617973	0.8492766014	1.0713914033	0.7993732558	0.7403227037	0.8828427822	1.0029517249	1.0862293360	0.7986274987	0.8551899947	1.1634787684	1.0463943343	0.9807973349	0.8437592570	0.5177267264	0.5168495550	0.7568817670	1.1637035016	0.8141225631	0.8206570986	0.8407237653	0.8363643984	0.8955706298	0.7879441847	0.8076288974	0.7598950248	0.8758535620	0.7929421385	1.1895229381	0.8376788981	1.1594486805	0.7717854872
M00060	1.0382994932	0.9658509329	0.4844427395	0.8420721387	0.9171086041	0.4193260964	0.6021782108	0.9550862752	1.0344353351	0.9109787204	0.6271643327	0.7660669504	0.6627019440	1.0491687979	0.7240631241	0.7268757686	0.7653086029	0.6151489553	0.5662521585	0.2406334620	0.1870206282	0.2810025231	0.3083389111	1.1970964272	0.9384827685	1.0183744514	0.6085310131	0.5296254846	0.7007760168	0.7729634970	0.8788779815	0.7599181581	0.8055367258	1.5346121761	0.6779870461	0.9755505274	0.7654092686	0.9911211385
M00061	0.9045586978	0.9601957018	0.6518415517	1.3876264921	0.8138188551	0.4756192074	0.7004866193	0.9433676565	0.9066764068	0.8478585084	0.9545677755	0.6697813424	1.2787504835	0.8918772557	0.7115359210	0.7494893101	1.2927965015	0.9332371948	0.3129661810	1.1014049257	0.6811618710	0.6871953603	0.9722619729	1.0588479947	0.8515774035	1.3270286770	0.9803613700	0.9425437619	0.9712071452	0.7660920039	0.7947401164	0.7278517721	0.7808244172	0.7050117410	0.7482679745	0.7340828991	1.2929665508	0.7796280026
M00063	1.3581306040	0.8295885513	0.4114788853	0.7586359470	0.9358113756	0.3378043080	0.3759392441	0.7304763687	0.8912434061	0.7460882198	0.5069418781	0.4522677203	0.3576571369	1.1509308296	0.4356577712	0.9047043129	0.7485401769	0.6013972815	0.1399400405	0.2051238296	0	0.3481271096	0.3225018209	0.9065985627	0.6990020663	0.7861156542	0.4171337251	0.3354767993	0.4611135308	0.7184246224	0.6181243908	0.7988772347	0.9853186651	1.6382263663	0.6739961099	0.5246942865	0.7486386369	0.6885287052
M00064	0.4751624421	0.2795130941	0.2118454718	1.2002812812	0.6426628319	0.1488554189	0.2055175480	0.2196666577	0.2319522406	0.3941453740	0.1511939035	0.1519132130	0.2251280112	0	0.2576915097	0.1993231138	0	0.3470950131	0	0	0.3621227715	0	0	0.4880906623	0.3766990404	0.5852977200	0.1614384513	0.1894540170	0.1606397649	0.2454729325	0.1801108162	0.0859361174	0.3176872548	0.3858879946	0.9782211959	0	0	0.0547718250
M00077	0.1614078102	0.4700619006	0.3742415772	0.4325828260	0.5653747033	0.1774996799	0.3044195614	0.3599055927	0.4081043008	0.7214437846	0.2338630216	0.3851185259	0	0	0.2832971786	0.1186473231	0	0.3335346010	0.2791691646	0.1491861720	0.1739145765	0	0	0.4040913495	0.4007000829	0	0	0.2841364566	0.3901013701	0.3660818239	0.4703518563	0.3464689541	0	0.3377493351	0.5206328456	0.3828397906	0	0.3683868901
M00078	0.2329123737	0.1946625200	0.1148717130	0	0.2167902746	0.0833885511	0.1235376518	0.1501847595	0.2376051673	0	0.0511966631	0.1615967486	0.1744749333	0	0.1228269106	0	0	0.1171539243	0	0	0	0	0	0.2734954300	0.1367152886	0	0.1223625355	0.1296442630	0.1922192218	0.1440952346	0.1093334222	0.1370424464	0.1460067839	0.2120711149	0	0.1313916835	0	0.1712839098
M00079	2.5517295416	2.7690940361	1.3198128234	0	0.9540352189	0.8328571957	1.0117803740	1.9970206942	2.4920409498	0.1027046813	1.9205013725	1.5753143585	1.1801262810	1.4422285024	1.9875731071	1.3866619721	1.1626759443	1.6774858843	1.0675383619	1.1270252140	1.2290311264	0.6661353116	0.9845354934	2.2654415992	1.7174149399	1.7307143324	1.4667993746	1.3201284680	1.9399125602	1.9696272656	2.4459702407	2.1783654967	3.1032927318	2.4961913816	0	2.4780694698	1.1628288781	2.3937680296
M00080	0	0	0	0.3231519806	0.4191714084	0	0	0	0.1483252170	0.3136846012	0	0	0.1237967032	0	0	0	0	0.1578283550	0	0	0	0	0	0.4668214397	0.2899073222	0	0.0618118629	0	0	0	0.1221818778	0	0	0	0.3536037863	0	0	0
M00081	0.6987009206	0.6478283792	0.2634303718	0.1071358563	0.1851926488	0.1474064739	0.2473221026	0.5467834271	0.6925319433	0.0336336278	0.2975365732	0.4500209775	0.6396612311	0.4919618600	0.2762500563	0.1598069131	0.0867920096	0.4944027062	0.2024046873	0.3049658285	0.3097126485	0	0.6383541716	0.4469340228	0.3043867830	0.6554001303	0.3902955168	0.1942568904	0.4736609899	0.4455251581	0.1857604174	0.3569840419	0.2777222094	1.0898607737	0	0.3643914506	0.0868034258	0.5059285184
M00082	0.9673995745	0.8390529156	0.6505194448	0.8748169842	0.7973367627	0.5457863418	0.7087673826	0.8313771473	0.8638996746	0.6198891077	0.6614201539	0.8191546376	0.8110818858	1.0404162516	0.7580631154	0.9325754140	0.8739491501	0.9873890000	0.8660517777	0.7846323457	0.7416444625	0.8425049707	0.6912174210	0.9443565997	0.7587423082	1.2126309193	0.8206187307	0.8030287299	0.7060457936	0.8216877838	0.7941305105	0.7834457134	0.8042119413	1.0575839825	1.0657915006	0.7754831839	0.8740890871	0.7528625713
M00083	1.2762479576	1.2702661932	1.0236075874	1.1343424837	1.0101740520	0.7538569734	1.1204578131	1.1612553832	1.2778364047	0.9568802721	0.9734859798	1.0635016728	0.9667429622	1.6134664038	1.0894904296	1.2252553413	1.6345320770	1.4626498586	1.1875681078	1.0672349541	1.3005395421	1.1584436680	1.1094655996	1.2057386485	1.0198254249	1.6159628338	1.1488985313	1.2372373116	0.9378887778	1.2193944607	1.2114831676	1.2584342946	1.0980141569	1.5781485595	1.1818357119	1.3312629271	1.6347470768	1.2040904944
M00086	3.6244063372	3.0843718920	1.5184568276	1.1467364057	1.9303721920	1.3521561439	1.4384627004	2.4014843089	2.3516688324	1.8807542359	2.1844627590	1.8818606365	1.9202192827	2.5214696710	1.8743245081	1.5690878531	2.3373863284	1.5174276656	1.0523921968	1.3983776725	1.5958694914	1.5562913825	1.2954439423	2.2259544680	2.0149092564	1.8201422677	1.9078253904	1.5619968420	1.9556354147	2.5638797645	2.7743181637	2.0836771783	3.4128676745	3.2929044525	1.4552687371	2.1509272548	2.3376742775	2.5973556360
M00087	0	0	0	0	0.0534165497	0	0	0	0	0	0	0	0	0	0	0	0	0	0	0	0	0	0	0	0	0	0	0	0	0	0	0	0	0	0	0	0	0
M00088	0	0.0945025816	0	0	0.4791144939	0.0543800729	0.2053023850	0	0	0.6379046007	0	0	0	0	0	0.3838222639	0	0.2907832158	0	0	0	0	0	0.3807859012	0.2746870461	0	0.1501752514	0	0.1336406196	0.1053233499	0.1019960602	0	0	0	0	0	0	0.0849195555
M00089	0.1247024353	0.1504315886	0.1663069091	0.3270515874	0.2576749738	0.1465675987	0.1721876735	0.1151130748	0.1563030761	0.2084068775	0.0818980867	0.1321358464	0.1433327328	0.1854076263	0.1663820782	0.1915605121	0.2798339874	0.2578094416	0.1070477302	0.0548666266	0.1049342746	0.1937609757	0.0618014591	0.2276318834	0.2023884699	0.1818576485	0.1632765686	0.2270054986	0.1761767650	0.1445159929	0.1502826074	0.2090666959	0.0472768074	0.1702704230	0.2641597344	0.2066808623	0.2798707957	0.1462421124
M00090	0	0	0	0.0448089265	0	0.0561426264	0	0.0755214807	0.0212819245	0	0	0	0	0	0.0761171292	0	0	0.0374786496	0	0	0	0	0	0	0.1031396375	0	0	0	0	0.0492328907	0	0	0	0	0	0.0667060219	0	0.0724448632
M00093	0.9229346748	0.7832084139	0.5322477728	1.3347437223	0.7247822075	0.5412197274	0.4830337271	0.6028904579	0.6240700896	0.2195296338	0.4763472826	0.6522808790	1.0825144901	0.7502097161	0.6847601004	0.9336926466	0.8656906452	0.6235070960	0.3205507100	0.4065490377	0.6958084216	0	0.5345061371	1.1130843095	0.7665512358	0.6430766230	0.6654079796	0.6053657159	0.8010415314	0.7941779079	0.9541992026	0.4966352486	1.1835786691	1.0225409257	1.3078068346	0.6053544090	0.8658045147	0.7632023658
M00096	1.3306516653	1.1834715294	1.0774632469	1.2472931229	0.8830483405	0.8807339854	0.9962301186	1.1107928379	1.1209765041	0.7974511003	0.8847065561	1.0263731059	1.1351407111	1.3051746405	1.1835685358	1.1488174054	1.2980868993	1.2285397401	0.7441901311	1.1311356939	1.0679721551	0.8738336527	1.1628850833	1.1330484517	1.1170145257	1.4964989494	1.0713781119	1.0192893554	0.9930438585	1.2391799731	1.1870471597	1.1202422763	1.4184783809	1.3965086515	1.0959726711	1.1939183745	1.2979900023	1.2008925429
M00097	0	0	0	0	0	0.0175068056	0	0	0	0	0	0	0	0	0	0	0	0	0	0	0	0	0	0	0	0	0	0	0	0	0	0	0	0	0	0	0	0
M00101	0	0	0	0	0.0198012712	0.0093824375	0	0	0	0.0871341443	0	0	0	0	0	0	0	0	0	0	0	0	0	0	0	0	0	0	0	0	0	0	0	0	0	0	0	0
M00106	1.3833736076	1.3242866263	0.7566241724	0.8458050231	0.5245793740	0.7688113106	1.2004301742	1.0728756742	0.9265478037	0	1.2787767104	1.4987143049	0.7233736068	1.9518652881	1.2606855743	0.7513142027	1.4504195896	0.7976889756	0.7625982889	0.8597502459	0.9477787522	0.7823390716	0.4822679934	0.9179648821	1.1489168405	0.9604356957	1.3160774213	0.6927702658	0.9415038023	1.2740571149	1.5368510082	1.1372377562	0.9144871363	2.1007265143	0	1.4725853333	1.4506103720	1.4541093675
M00114	0.7240349394	0.7485166034	0.6014695972	0.6505225092	0.6978782033	0.4335685091	0.6063764202	0.7430240658	0.7594904361	0.5081760636	0.5778818391	0.6429430068	0.5103441990	0.6124960560	0.6712297377	0.5952257696	0.8033097138	0.6438039821	0.3636797089	0.5247335500	0.3698004674	0.4414805556	0.4575593686	0.7768771452	0.5977320346	0.5783892278	0.5975167353	0.6263805811	0.5842616259	0.7231812474	0.7556061762	0.7287917633	0.7790818192	0.5388892864	0.9394613644	0.7151549563	0.8034153780	0.7490825935
M00115	1.1210022444	1.0629703478	0.8499900071	0.9668315475	0.7408701061	0.6074507932	0.7488484025	0.8698152650	0.8847289074	0.2651621208	0.7647575827	0.8391513976	0.7359272344	1.0201176409	0.7187030366	0.7353400182	1.0263974309	0.8961495486	0.7037897079	0.8326114286	0.7494847459	0.4903135347	0.7697560567	1.0306415385	0.8373480194	0.9643961033	0.7622183172	0.8266346493	0.7501870668	0.8658540444	0.9364263737	1.0227502683	1.0793984196	1.3045671061	1.3809536356	0.9304875538	1.0265393699	0.9270900664
M00116	0.8027596377	0.6353020875	0.3483413652	0.8597264259	0.5285215521	0.2234188578	0.3316655166	0.5684155482	0.7978810618	0.0282513761	0.5054989582	0.4147168740	0.5046036490	0	0.6749875454	0.4125603260	0.5057289028	0.4541450796	0.3045802360	0.4745490302	0.0975175260	0	0	0.9234713041	0.5870570041	0.5523282167	0.3954779026	0.1995113091	0.4211066183	0.5412786365	0.5574766094	0.4385851862	0.6488489720	0.9744755975	0.4366235913	0.5484620236	0.5057954244	0.6610976894
M00117	0	0.1490764581	0	0.9272727318	0.4671701593	0.1018450568	0.1352850519	0.1183311995	0.3982993222	0.2012863046	0.1714380042	0	0.1918458095	0	0.1506125788	0.1855299116	0.2178261098	0.2268995128	0	0	0	0.0853304175	0	0.6290532356	0.3023867171	0	0.1243332941	0.1814166178	0	0.1209584609	0.1779779250	0.1018511509	0	0	0.3143247396	0.1693658317	0.2178547618	0.1592523992
M00118	0	0	0	0.2387370408	0.1978947674	0	0	0	0.0663921709	0	0	0	0	0	0	0	0	0	0	0	0	0	0	0.1211207248	0.0604708651	0	0.0201671212	0	0	0	0	0	0	0	0	0	0	0
M00119	0.9886140459	0.9728409604	0.9982313571	0.7453338380	0.5834561151	0.6534712787	0.8943445292	0.9340984264	0.9455722707	0.2403067924	0.9040657661	1.0291300820	0.8194358189	1.2633206487	0.7860256313	0.9390119931	1.0288922174	0.7717263537	0	0.9172790434	1.0389277616	1.1953032659	1.2052963171	0.8951491263	0.8710799222	0.9871231999	0.8573217881	0.9230280407	0.8472604997	0.8255450527	0.9105894541	0.9385246765	0.8931739015	1.3952847629	0	0.6206759882	1.0290441529	1.0467615569
M00120	0.5883752684	0.5721526105	0.5026990497	0.6878135775	0.5440985711	0.4729051470	0.5136094824	0.5814746644	0.6563789086	0.5243298498	0.6950585513	0.6150647791	0.6067888298	0.7008242869	0.5136111550	0.5674890257	0.7432810367	0.6139468645	0.4540247296	0.4483157561	0.5329401548	0.4488831776	0.5790534471	0.6117389907	0.5084304445	0.4393269973	0.5946632333	0.8178754408	0.5873528751	0.5966835076	0.5760571479	0.4692233816	0.4394651828	0.8151999844	0.5080684636	0.6480469581	0.7433788049	0.5345491660
M00121	0.1856053284	0.3758210163	0.4224350575	0.5702313288	0.4296190046	0.2997106576	0.3524428315	0.3178474625	0.4549699288	0.1607437290	0.3362753749	0.2746227967	0.3625365435	0.4595494027	0.4116571813	0.3080903809	0.3923622692	0.4148003412	0.4011215160	0.3160027441	0.3036714206	0.2100314300	0.2929223655	0.5512731733	0.4706829250	0.3927354395	0.3618889075	0.3278928442	0.3009347781	0.3860696450	0.4514110377	0.2950351552	0.3664779211	0.3571195255	0.7077104193	0.3160127298	0.3924138790	0.3205948858
M00122	0.3561315101	0.5514034356	0.6701815630	0	0.3700316298	0.2775171202	0.4265640480	0.5616670651	0.7259408786	0.0415101858	0.5232378196	0.5099844521	0.6361060550	0.3941329081	0.5814505755	0.4000457312	0.3465425821	0.6293785910	0.2078833549	0.6437334394	0.7049037055	0.3864735919	0.5544897927	0.5041287394	0.3984246310	0.5532261269	0.6205661923	0.7998642185	0.5123153172	0.4788419529	0.5460948465	0.5139792947	0.8746556165	0.3029112226	0.2139055650	0.5111748391	0.3465881649	0.4846588161
M00123	1.3387114265	1.2428112331	0.6657951598	1.1824171546	1.0847301192	0.5663170755	0.6449020409	0.9757011756	1.3336367966	0.3051475091	0.7941820184	0.8555571217	1.0002746035	0.9963594477	0.9365846281	0.7528250358	1.1583791514	0.9350336411	0.8217054467	0.8612732567	0.8691376012	0.5709506286	0.2215928624	1.2278764871	1.1929662419	0.9443624507	0.7758268610	0.7832127272	0.7330407131	0.9906646492	1.3201637885	0.9492365638	0.9604187108	1.3129786828	0.7775171711	1.1414357720	1.1585315200	1.1599760496
M00124	1.0353966984	0.8864615792	0.6995338626	0.7065862033	0.6744665886	0.5720876794	0.6706261437	0.7049403425	0.7826683148	0.4171523056	0.6948980291	0.7559909076	0.7132425118	0.7769938990	0.7062666956	0.6799594669	1.0020909557	0.7850844725	0.3228288868	0.8988888598	0.7014605956	0	0	0.8993095270	0.6974527450	0.9813520747	0.6324586679	0.4863815345	0.6849289681	0.7888748925	0.9302698695	0.8223811374	0.7969799695	1.3685102618	0.2524621804	0.6198219258	1.0022227668	0.8559609065
M00125	0.9450834068	0.9136627490	0.9749887662	0.3062007913	0.8146078544	0.4716224399	0.6606629529	0.7584982151	0.7888105579	0.5128923736	0.8203530370	0.7739222840	0.5138624036	1.1224557442	0.6531594428	0.7459086849	0.6012206859	0.6479674214	0.5713588512	0.8799834811	0.7319208646	0.5934629478	0.8979135627	0.8096234395	0.7558761606	1.0970768265	0.7415229933	0.7180263459	0.6968608943	0.7188279548	0.8511491156	0.9497462334	0.5857396162	0.4652383205	0.5876836998	0.6376331255	0.6012997681	0.8087762469
M00126	1.0010765413	0.8901332945	0.7875452408	0.8798645735	0.5574967435	0.4668264606	0.5507817335	0.8007772757	0.7524204400	0.1179095202	0.5152464926	0.7416452657	0.7600482741	0.6487462319	0.6246310667	0.5939446230	0.6973037550	0.6488234540	0.5080716940	0.4292416909	0.5889455049	0.2110633931	0.3713545951	1.1082962300	0.7161553928	0.6820089871	0.6668476495	0.7598523913	0.5852543348	0.7065681811	0.8657348096	0.6759476090	1.0082067065	0.6095799774	0.6116307104	0.7849959915	0.6973954756	0.8073797849
M00127	0.7569485893	0.9651143378	0.8544394339	0.7852260030	0.5825768506	0.5742702820	0.9507932107	0.9220317820	1.0009172112	0.7423066465	0.9457790541	0.8932925380	0.6747297243	0.9812489346	0.9657572760	0.8215940514	0.9366739828	0.8440500714	0.6174668727	1.2806014166	0.9595910260	0.8705137240	0.7144882719	0.9393379458	0.8788473817	1.0535619797	0.8865526196	0.8974453415	0.9423379932	0.8855563445	0.8877051382	0.7876460677	0.9300223129	0.5175390187	1.2084887304	1.0119771150	0.9367971892	0.8278923271
M00129	0	0.6957107357	0.5939546695	0.7582476338	0.9434506880	0.4674756852	0.5803920244	0.5093882497	0.6027690795	0.7666349753	0	0.4909230629	0.6410114393	0	0.6615423021	0.5139705899	0	0.3629019557	0.5173046911	0	0	0	0	0.8075250454	1.0438029493	0	0.4516389824	0.4700528798	0.6907388438	0.5632706620	1.0618434302	0.5925755044	0	0	1.0345839745	0	0	0.6131178509
M00131	0.6114540742	0.2041182279	0.2274274920	0	0.2632612904	0.0909765260	0.1327605178	0.2189569249	0.2403169534	0.1530155257	0.1441202195	0.1777867094	0.1274175281	0	0.1772274980	0.2921526217	0.1787446889	0.1539162127	0.1174709054	0	0	0	0	0.2693094186	0.2009144818	0	0.1517977103	0.1638686593	0.1256321580	0.1725407560	0.2369231660	0.2452999663	0.3650605129	0	0	0.1745199449	0.1787682003	0.2314666345
M00133	0.2574595019	0.2270603387	0.3855496455	0.1787966664	0.2984856651	0.2346164628	0.2659779657	0.2840438265	0.2731174653	0	0.2841742221	0.2375002635	0.4657271554	0.1841581813	0.2657552472	0.2019978148	0.1612816957	0.4607526851	0.2903709874	0	0	0.1983159277	0.6105912337	0.5344849768	0.2529211280	0	0.3403998479	0.4380033532	0.3819396952	0.2981187915	0.2896668841	0.2416338968	0.2438031383	0.2053211923	0.6873514934	0.2222549837	0.1613029101	0.1909595881
M00134	0	0.2263798991	0	0.9478930385	0.5182872815	0.1351410521	0.0695304379	0.0854946168	0.3935802954	0.7969044063	0	0.1998335294	0.1723873154	0	0.1395390208	0.3026925768	0.6877798693	0.1310192232	0	0	0	0	0	0.5890078725	0.3356421437	0.3401106821	0.1503506436	0	0	0.2346338651	0.1081506464	0	0	0	1.4577953876	0	0.6878703372	0.2653265350
M00135	0.2892461572	0.2353566833	0.1165982522	0	0.1262571169	0.1107330600	0.1123654911	0.1956587369	0.3342483005	0	0.2151785127	0.1735709240	0	0	0.3329745460	0.2106357724	0.3376399535	0.1865894270	0	0	0	0	0	0.1011841026	0.1994353706	0	0.1653917903	0.0729833611	0.1653664764	0.1749259545	0.2460833663	0.2022534322	0.3293536983	0	0	0.2438618463	0.3376843653	0.2498489504
M00136	0	0	0	0	0.1823135588	0	0	0	0	0	0	0	0	0	0	0	0	0	0	0	0	0	0	0	0	0	0	0	0	0	0.0282874796	0	0	0	0	0	0	0
M00138	0	0	0	0	0	0	0	0	0	0	0	0	0	0	0	0	0	0	0	0	0	0	0	0	0	0	0.0163899122	0	0	0	0	0	0	0	0	0	0	0
M00140	1.0344698874	0.9199636262	1.0276726842	0.8884928583	0.9403604647	0.8879136091	1.0791513085	0.9467809286	1.0888661819	1.3119910917	1.0730208606	1.0961704810	1.1743947433	1.6185336517	1.0816790736	1.0068544379	1.4311756071	0.8747500735	1.0452235787	1.1536528533	1.0695565668	1.2171080505	0.8892267826	1.1248426396	0.9457419011	1.2698062910	0.9784678598	0.7635738975	0.9153444373	0.9646974743	0.9318872205	1.1801990774	0.8502458610	0	0	0.7832012994	1.4313638583	0.8806718151
M00144	0.9894582017	0.7503235246	0.5879214041	0.4102101629	0.5770753220	0.5188569986	0.5032861630	0.6962910278	0.7661655163	0.6960470227	0.5008281880	0.5349884232	0.4218053899	0.3188770101	0.7912819433	0.4503638818	0.4135478385	0.5939908438	0.1387906350	0.3385534451	0.3764608764	0.2010943421	0.1318608904	0.7677724332	0.6400947160	0.4879743244	0.4446521928	0.4914795623	0.5075614241	0.5902766998	0.6348701786	0.6388259066	0.7319149800	1.0355690342	0.1950267774	0.7077183632	0.4136022350	0.7581562052
M00145	0	0	0	0	0.0009739870	0.0010017784	0	0	0.0083412241	0	0	0	0	0	0	0	0	0	0	0	0	0	0	0.0100926096	0	0	0	0	0	0.0026917379	0	0	0	0	0	0	0	0
M00149	1.3354983542	0.9315787939	1.0031886153	0.9258786339	0.5456236212	0.4644122848	0.6710904000	0.8237336942	0.8418448203	0	0.5316074279	0.7820892312	0.7975852309	0	0.7694573389	0	0.7505377123	0.5247462850	0.8596702653	0.4047826576	0.4185705689	0.4739767990	0.7454279193	1.1588405342	0.7252441362	0.9473645985	0.5128139118	0.5164026870	0.6214251085	0.7123188157	0.7746965987	0.8140088584	0.8097284114	1.0078609074	0	0.7311773733	0.7506364351	0.7448773533
M00150	0	0	0	1.0230846896	0.3146416730	0	0	0	0.2256900669	0	0	0	0.3512981560	0	0	0.6045888861	0	0.1478253553	0	0	0	0	0	0.4087276654	0.2399900744	0	0	0	0	0	0	0	0	0	0	0	0	0
M00153	0.7877607446	0.7824689579	0.3057958394	1.4488515981	0.9332245447	0.2937759408	0.4130257020	0.5332073180	0.8044409986	0.0789420996	0.7407762819	0.5100938449	0.2697358764	0.7278565621	0.6467797266	0.7840513455	0.8178862847	0.5038621047	0.4538918887	0	0	0	0	1.1479590425	0.7236374776	1.1397541678	0.4098493813	0.5482113380	0.4635241477	0.5051256083	0.4729749054	0.5639092982	1.0047272349	0.8212870325	0	0.8876736824	0.8179938662	0.6573039076
M00155	0	0	0	0.0951020213	0.0574410342	0	0	0	0.0575371666	0	0	0	0	0	0	0	0	0	0	0	0	0	0	0.0323314310	0.0187081522	0	0	0	0	0	0	0	0	0	0	0	0	0
M00157	0.9723411141	0.9081846336	1.3594960305	1.4555046566	1.2158605368	0.7274500784	1.3084142725	1.0594841722	1.0574335096	1.0953744525	1.3466218955	1.1516227247	1.2835492102	2.2207567543	0.9535071058	1.2433541824	1.3511287791	1.0497827482	1.1295333923	1.3002358491	1.0625186261	1.4034685992	1.3175538458	0.9277720215	1.0575902809	1.6940265574	1.2085705204	1.2946993770	1.1587031998	1.0105507588	0.8929593980	0.8241687563	0.9548103658	1.2309284534	1.5180480172	1.1375542346	1.3513065012	0.9133259696
M00159	1.2398235612	1.0482513224	0.4654300995	0	0.7846355693	0.5700716049	0.4770062960	0.7466165934	0.7699300745	1.3324362578	0.5509098038	0.7461883711	0.5777453533	0.3950780098	0.6726909327	0.6955813177	1.0011460457	1.0703712859	0.5378085260	0.6025006356	0.4246190791	0.4878135349	0.4528341749	0.4749934933	0.5092197216	0.7159785050	0.7169056071	0.8995588822	0.6989178588	0.7611893641	0.9014969733	1.1107511887	1.1258268210	0.4052812737	0	0.7835773053	1.0012777325	0.7565115430
M00164	0.9723411141	0.9081846336	1.3594960305	1.4555046566	1.2158605368	0.7274500784	1.3084142725	1.0594841722	1.0574335096	1.0953744525	1.3466218955	1.1516227247	1.2835492102	2.2207567543	0.9535071058	1.2433541824	1.3511287791	1.0497827482	1.1295333923	1.3002358491	1.0625186261	1.4034685992	1.3175538458	0.9277720215	1.0575902809	1.6940265574	1.2085705204	1.2946993770	1.1587031998	1.0105507588	0.8929593980	0.8241687563	0.9548103658	1.2309284534	1.5180480172	1.1375542346	1.3513065012	0.9133259696
M00165	1.0770224963	0.9762031816	0.8402267796	1.4932745574	1.0664313241	0	0	0.7963974644	0.9387666260	0	0.9331615728	0.8399614114	1.0141608300	0	0	1.0269715669	1.1971767782	1.1714862822	0	0.9064441181	0	0	0	1.1575487206	1.0197019542	0	0.9893287678	1.2057121381	1.0513586111	0.8453894380	0.9202783519	0	0.9650191795	0	0.9212537541	0.9539739897	1.1973342501	0
M00167	0	1.1343288591	0	1.8671414160	1.1633879241	0.8359478788	1.0109145917	0.9182964419	1.1280403560	0	1.1078597660	0	1.1095458425	0	0	1.1430054894	1.4347759791	1.4078357311	0	0	0	0	0	1.2998281455	1.1625807026	1.4357151216	1.1573836631	1.4719887227	1.2148610470	0.9917611695	1.0433162757	1.2243183871	1.0956873746	0	1.2283383388	1.1681559193	1.4349647038	0.9275528996
M00168	0	0	0	0	0.5621665343	0	0	0	0	0	0	0	0	0	0	0	0	0.4985889936	0	0	0	0	0	0.7405541723	0.5398110796	0	0.4086840752	0	0	0	0	0	0	0	0	0	0	0
M00169	1.0077915328	1.1006324497	1.3785449521	0.4708769783	0.8625694929	1.0514469367	1.0889069445	1.0714269887	0.9471676954	1.6017026704	1.0738545489	1.0376115724	0.6927041567	1.0381705934	1.0907983531	1.0003691218	1.1592217485	0.6381200489	0.3464542469	0.8809495124	0.8662312561	0.7246020729	2.0500219346	0.7828346080	0.8746799219	1.3964079201	1.0740272468	1.2718199678	1.0153093986	0.9953822337	0.8697838394	0.8693162957	1.0266331721	1.1771958702	0	0.8370503812	1.1593742280	0.9943254798
M00170	1.4235734396	0.8922907696	0.7844811795	0	0.5073875638	0.5725205710	0.7333340776	0.6877123132	0.7730187949	0.4944521315	0.8495593000	0.8103607389	0.8368489298	0.6065388023	0.6799820385	0.6985844632	0.9120939942	0.6704787864	0.3492517878	0.9918337848	0.8892331480	0	0	0.8032844590	0.7454887362	0.9342224823	0.7262163871	0.8338590609	0.7838956764	0.8587502720	0.8946259933	0.8543956933	0.9318992040	0	0.6605835063	0.8875900661	0.9122139674	0.8661441320
M00171	0	0	0	0.1967620009	0.5053660737	0.4794365522	0.5731649536	0	0.6206008493	0.5281990314	0	0	0.6516295273	0.1730284322	0	0	0	0.5069219896	0	0	0.4525685305	0.1889604038	0.5115414817	0.6043390056	0.5738953761	0.6930589574	0.5781334094	0	0	0.6409076612	0.6331438137	0.5056214842	0	0.7217692300	0	0	0	0.6579079930
M00172	0.7982631429	0.8702398075	0.9505383622	0	0.8187917858	0.6524230347	0.7645656675	0.7890226621	0.8294629622	1.1310879715	0.7421549322	0.7798051586	0.5940076642	0	0.8617499991	0.8504201502	0.8685467951	0.5880803872	0.3043100625	0.5368052968	0	0	0	0.5858485628	0.7705127358	0	0.7803385758	0.8519762683	0.7013621357	0.7179636998	0.7369803059	0.7597225947	0.8063891406	0	0	0.7834742891	0.8686610403	0.8196215480
M00173	0	0.7989785667	0	0	0.7261508990	0.4489079649	0.6004980192	0.7200334223	0.7943699954	0	0.6711680574	0.5568076172	0	0.3088089614	0.6715920900	0.5947045608	0.7760653166	0.5621498370	0	0.4166005532	0.4134209920	0	0	0.8504827327	0.6723813159	0.5429798342	0.5288639768	0.4702846966	0	0.6784737266	0.6603906704	0	0	0	0.3755468133	0.5997776040	0.7761673971	0.7214703152
M00174	0	0.0196690744	0	0.4944829837	0.2443827890	0.0272848686	0	0.0291115515	0.1345255617	0	0	0	0.0796216459	0	0.0552270968	0	0.0292905266	0.0713330465	0	0	0	0	0	0.2746524227	0.1611322577	0.0648468110	0.0320621331	0	0	0.0315086409	0.1064617002	0.0270829805	0.0340578230	0	0.3659931129	0.0468317142	0.0292943793	0.0359625361
M00175	0	0.0403554148	0	0	0.0250541657	0.0183299783	0.0468071171	0	0	0	0	0	0	0	0.0677564830	0	0.1121104975	0.0183331791	0	0	0	0	0	0	0	0	0.0268328472	0.1133540407	0	0.0363312819	0.0240519292	0	0	0	0	0	0.1121252440	0.0426223341
M00176	0.2325688313	0.1795382932	0.1643157185	0	0.1970394403	0.1830487939	0.1489118656	0.2044834817	0.2382934938	0	0.0981604368	0.1713761615	0.1399876930	0	0.2367385008	0.1379480145	0.2026817044	0.2168687183	0	0.0732601334	0.0929114787	0.1583951800	0	0.2283855103	0.1822137421	0.2077748302	0.1655974334	0.1098246829	0.1848244216	0.1800827532	0.1873705239	0.1728549902	0.3439643905	0	0.2521796483	0.2666900701	0.2027083643	0.2200460571
M00177	0	0	0	0	0	0	0	0	0	0	0	0	0	0	0	0	0	0.0037061827	0	0	0	0	0	0	0	0	0	0	0	0	0	0	0	0	0	0	0	0
M00178	1.3510963154	1.0750358242	1.1641253122	1.3086582501	1.1106914234	1.1514189738	1.1352702350	1.1005862864	1.0912495617	1.3355750557	1.0902158315	1.1354914017	1.2759565729	1.4983494258	1.0497458780	1.2830190360	1.3005861299	1.0710570911	1.3060004523	1.4324840191	1.3721166880	1.4370480546	1.4620620498	1.1646421075	1.0815560033	1.3541294227	1.0460998450	1.2227806708	1.1325969623	1.0688433188	1.1601062723	1.2577669661	1.1902231092	1.6054330247	1.5345997857	1.1938592215	1.3007124124	1.0727252484
M00179	0	0	0	0	0	0	0	0	0	0	0	0	0	0	0	0	0	0	0	0	0	0	1.0802532229	0	0	0	0	0	0	0	0	0	0	0	0	0	0	0
M00183	1.0972220020	1.2361229174	1.2384653220	1.2056441216	1.3298737652	1.1431431092	1.1919841111	1.2050038386	1.2430943751	1.5878374963	1.3629165586	1.1592137270	1.5552422515	1.1058305870	1.2039400011	1.3454737598	1.0998555092	1.2508407912	1.1987698380	1.0970796816	1.4323311358	1.2979471351	1.1667102699	1.1487012920	1.0072765432	1.3395375955	1.1090307283	1.1283204096	1.1810434766	1.2055968326	1.2899962144	1.1407540685	0.9401256634	0.9406299540	1.1484934344	1.1530510224	1.1000001799	1.2366920008
M00185	0	0.0777893773	0	0.0774854836	0.3511023669	0.1888232152	0.0782206121	0.0720507963	0.0479737108	0	0.0264819178	0	0.0934086144	0	0	0.1299717153	0	0.1260203972	0	0	0	0	0	0.3133964946	0.1295822717	0	0.0917160722	0.1306703949	0	0.0205780206	0.0805807609	0	0	0	0.3655459118	0	0	0.0381636981
M00188	1.1195522796	0.5170547215	0.8629317530	1.1718078422	0.7916422390	0.5397339733	0.5492357366	0.6193999848	0.5830666306	0.8314069143	0.5054264326	0.5687414744	0.5882576156	1.0218396046	0.7649183423	0.8631484918	1.0000974564	1.0280281632	0.7983470749	0.6433611424	0.2039917005	0.9838007327	1.0274188141	0.9485915732	0.7548502713	0.7168243251	0.6361277901	0.8185637601	0.4592463784	0.9336122843	0.8126724551	0.7996018825	0.7073924294	0.6104046041	1.7237972814	0.5902870983	1.0002290052	0.5586909556
M00189	0	0.3490124580	0.3483944804	0.3371994846	0.3433519935	0.1626525556	0.3973177746	0.3950775662	0.4978589108	1.1714232076	0.2635319133	0.4022812375	0.7116462441	0	0.3332192424	0.5159556002	0.5094907400	0.3533373359	0	0.5129491782	0.7734121067	0.2876190592	0.3106585461	0.5355645186	0.4012953744	0.3655501327	0.4201366242	0.2788624010	0.3375977566	0.3384615560	0.4528337424	0.4422796468	0.5037627500	0.5048563652	1.0853695904	0.4052311691	0.5095577564	0.3748045049
M00190	0.4267184455	0.1642422739	0.3545994308	0.2369455492	0.7862519719	0.1700296965	0.2313807613	0.1862058281	0.1110443602	0.3152623233	0.2843591751	0.2425489565	0.4576118667	0.6995658077	0.2816751941	0.4609604474	0.1475623390	0.3417480427	0.5185767605	0.9638774963	0.4600724971	0.5918864447	0.5329315345	0.2250046322	0.2304439225	0.8977889787	0.1532275682	0.3919651828	0.3478089035	0.3926760780	0.1959784095	0.3195485617	0	0	0.7400451959	0.2108264867	0.1487375193	0.1572195049
M00191	0	0	0	0.2607536939	0.2720423826	0.0127913132	0.0099107119	0.0245001489	0.1059486344	0	0.0223612920	0.0205049994	0	0	0	0	0	0.0510481904	0	0	0	0	0	0.1530880769	0.1355262071	0.0900139716	0.0205327810	0	0	0.0230478868	0.0116357947	0	0	0	0.2006334238	0.0116790127	0	0
M00192	0	0	0	0.6854651464	0.2645214162	0	0	0	0.0997706597	0	0	0	0	0	0	0	0	0.0311435295	0	0	0	0	0	0.3735147467	0	0	0	0	0	0	0	0	0	0	0	0	0	0
M00193	0	0.0550167625	0.0571872110	0.2422311419	0.2134094294	0.0374866122	0.0792611096	0.0442406674	0.0552473488	0.0644978296	0.0518625112	0.0712392446	0.0747149628	0.0791849825	0.0389695079	0.2967977667	0.0548319290	0.1533210827	0.0410938634	0.0817905848	0.0605125771	0.0796898561	0.1218129552	0.2718937654	0.0771348148	0.1411877920	0.0779397937	0.4683405303	0.0239981334	0.0789549842	0.0941707266	0.0514628075	0.0377700462	0	0.2529554336	0.0371541795	0.0548341211	0.0324145306
M00194	0	0	0	0	0	0.2216027905	0	0	0	0	0	0	0	0	0	0	0	0.2839864280	0	0	0.1142549066	0	0	0	0	0	0.1972504401	0	0	0	0	0	0	0	0	0	0	0
M00197	0.0349154846	0.1421515112	0.1665971835	0.3462533099	0.2909832444	0.2216027905	0.1651698624	0.1277986860	0.0635948565	0.1547208234	0.1982356197	0.1008899959	0.2216864380	0.1568532287	0.1148474830	0.1347085496	0.1457848086	0.2839864280	0.1385181019	0.1106487280	0	0.1779580231	0.2542331249	0.2631127484	0.1567842501	0.1280296604	0.1972504401	0.2822996727	0.1643116984	0.1254595225	0.1696584053	0.0916685227	0.0693432928	0.1222707732	0.4219451822	0.1243411704	0.1458039846	0.0769476745
M00198	0	0	0.1200867419	0	0.0385083411	0.0709455857	0.1053753829	0.0545094176	0.0484204716	0.0940963048	0	0	0.2731785356	0	0.0762732201	0	0	0.1710003078	0	0.2577693875	0	0.2111333513	0	0	0.0455740432	0	0.1049726140	0	0.2284829440	0.1171982627	0.0463393001	0	0	0	0	0	0	0
M00199	0	0.0517186267	0.1029635548	0	0.1406135579	0.0833961132	0.1720326295	0.1117318612	0	0.3029303151	0.1260237658	0	0	0	0	0.1183384237	0	0.1122485857	0	0	0	0	0	0	0.0206950212	0	0.1378790356	0	0	0.0276220081	0.0951587841	0	0	0	0	0	0	0
M00200	0	0	0	0	0	0.0066451581	0	0	0	0	0	0	0	0	0	0	0	0	0	0	0	0	0	0	0.0049625278	0	0	0	0	0	0	0	0	0	0	0	0	0
M00205	0	0	0	0	0	0	0	0	0	0	0	0	0	0	0	0	0	0	0	0	0	0	0	0	0	0	0.0243006670	0	0	0	0	0	0	0	0	0	0	0
M00206	0	0	0	0.0329488892	0.0153470186	0	0.0135147384	0	0	0	0	0	0	0	0	0	0	0.0211531083	0	0	0	0	0	0	0	0	0.0093813479	0	0	0.0052982954	0.0078315018	0	0	0	0	0	0	0
M00207	1.0005607000	1.1908791830	2.4111056972	1.4573559615	1.2565401310	1.4957302916	2.0989502839	1.3954733100	0.7022760653	1.7953464848	2.5203397329	2.0208658865	2.2754699694	2.4703275545	1.2156429899	1.3030528043	2.2786631183	2.3292385064	1.9772654806	2.7039479748	4.0684389207	2.8934391426	4.1178493787	0.3528696721	1.1091387648	1.3369236780	2.5677181920	2.5237070159	2.0071030479	1.6132710037	1.2705175669	1.7811152941	1.1480061281	1.5429554811	1.4925870069	1.3173523541	2.2789628446	1.1692537571
M00208	0.3837961568	0.4253270965	0.1336635906	0.7158798358	0.3675691381	0.1029440382	0.2643090001	0.3395818053	0.6683873662	0.0533274976	0.1212537588	0.4430280822	0.4680300780	0.2880581334	0.5445535716	0.2604896491	0.3219047730	0.6233345510	0.1251242815	0	0	0.1315967328	0	0.6180436623	0.4320543738	0.5901817503	0.4923283728	0.0829158763	0.2388375180	0.4503065518	0.6220174611	0.5279513228	0.8430664829	0	0	0.4489633302	0.3219471151	0.4562996467
M00209	0.2284932695	0.1981994175	0.0641178884	0.3822995311	0.5901699944	0.0841702391	0.0950345446	0.1615150738	0.3575299699	0.7518503465	0.0792477094	0.0721767419	0.2837036246	0.1041605993	0.1546584740	0.2172208685	0.5021753070	0.3001572628	0.2991673049	0.0463388556	0	0.0887105104	0	0.6307071577	0.2675124913	0.0686278615	0.1925387182	0.1283966533	0.0889684964	0.2047428841	0.3241323628	0.1954358796	0.1486110342	0.2226760524	1.0311953174	0.2742764922	0.5018706041	0.1161779290
M00210	0	0.6180431614	0.3321306275	1.0833686429	0.8529397970	0.3350863529	0.5538282478	0.9016077938	0.5981816844	1.0400454940	0.3817617371	0.6755755622	0.4382169371	0.6545662118	0.5568868696	0.4298131153	0.6368521839	0.4718959202	0	0.3600653971	0	0	0	0.7818778311	0.7963633053	0.7580891416	0.5176061461	0.5390519650	0.4995665889	0.6798913913	0.5974105992	0.6572449911	0.8918115936	1.3353162807	0	0.7613206564	0.6369359529	0.6017385384
M00211	0	0.3596660748	0	0.6306595112	0.3230595274	0.1205086084	0.2308023687	0.5151362442	0.5747880303	0	0.1638704422	0.3741864934	0.2290077978	0	0.1869133909	0.1374222168	0.5651492275	0.3622180541	0.3223431035	0	0	0	0	0.3047608691	0.4498737044	0.2628803762	0.3524151653	0	0.2426742514	0.3534595675	0.5076499980	0.4925720215	0.5663237688	0	0	0.6950901690	0.5652235650	0.4249045393
M00212	0.8097737639	0.5048433609	0.4268660438	2.0567573253	1.4935323054	0.2489585483	0.3009033879	0.4091694271	0.7147894037	2.2456987488	0.3460583445	0.5263002838	0.6795998137	1.2690822996	0.4954477387	0.8308498644	0.8653553975	1.7277378129	0.5961431763	0.5694669621	0.7772015634	0.3095720311	0.2171325620	1.2005958784	0.6385939025	0.7444833335	0.5122633688	0.7852474675	0.5246473848	0.5599107985	0.4731163995	0.6944319338	0.3403562690	1.3681440346	2.0228074010	0.6768166479	0.8654692229	0.2523422367
M00213	0	0	0	0	0.1303828130	0	0	0	0	0	0	0	0	0	0	0	0	0.0734928772	0	0	0	0	0	0.1386677169	0.0107233045	0	0.0047343773	0	0	0.0125104188	0	0	0	0	0	0	0	0
M00214	0.0927040028	0.3090808077	0.3696409448	0.5770142682	0.8671589684	0.1350591652	0.2063572851	0.1823356082	0.1819795295	1.4783551362	0.2214317272	0.3438587482	0.4415627223	0.7971560782	0.1912240613	0.5358780502	0.3789476559	0.4743969610	0.4018765310	0.2377407652	0.3524276759	0.1825397844	0.3247281869	0.3541539106	0.3029794049	0.2131844543	0.4221973622	0.5790524763	0.4481320815	0.2826319994	0.1645274705	0.5392206930	0.0988425154	0.3065070478	0.4246251901	0.2672856874	0.3789975012	0.1910548742
M00215	0	0.0244342683	0	0.5144638871	0.4388356929	0.0057066589	0.0073715402	0.0226603873	0.2071333459	0.0316913995	0	0	0.0657757871	0.2419133796	0	0.3325664260	0.0762351533	0.1375032325	0.1137013847	0	0	0	0	0.4666579806	0.1934970710	0	0.0441575343	0.0379449814	0.0120803464	0.0121179070	0.0117761519	0.0163056731	0	0	0.2102481505	0	0.0762451809	0
M00216	0	0	0	0.1648956184	0.1948264977	0.0347542721	0.0506485262	0.0224602576	0.0969437015	0.0810976718	0.0536169992	0.0521732279	0.0560441661	0	0.0260605274	0.0574214018	0.0741490842	0.1696982761	0	0	0	0	0	0.1051894342	0.0684765295	0	0.0754402206	0.1420654262	0.0239607115	0.0539035663	0.0518994558	0.0764651866	0	0	0.1459882150	0	0.0741588375	0
M00217	0	0.0072480026	0	0.1727874356	0.1560095857	0.0081459368	0	0	0.1041280894	0	0	0	0.1072699301	0	0	0	0	0.0985500100	0	0	0	0	0	0.2983239158	0.0963660533	0	0.0069213564	0	0	0	0	0	0	0	0	0	0	0
M00219	0	0	0	0	0.4266040775	0	0	0	0	0.6802283913	0	0	0	0	0	0	0	0	0	0	0	0	0	0	0	0	0	0	0	0	0	0	0	0	0	0	0	0
M00221	0.6292757586	0.4223953517	0.6735990944	1.2495592366	1.3455253119	0.6466753179	0.5973178420	0.4306546648	0.4908347373	1.5767558736	0.6964791318	0.6167648996	0.7459330444	1.2614491726	0.5721227887	0.9134086826	0.9009368152	1.4038424637	0.9916424756	0.6844026345	0.7246747309	1.1899064244	0.6360746681	0.6314801384	0.4241154008	0.8701578458	0.7094700387	0.8481917956	0.6762020167	0.6383236722	0.5055258949	0.8260951370	0.7415508603	0	2.2606984505	0.6130747783	0.9002610184	0.3663589391
M00222	1.0868108168	1.2947813542	1.4086622791	1.4325953663	1.1853402065	0.8514938883	1.0736462176	1.3036617779	1.1103727602	0.6456500367	1.0701829246	1.3350229425	1.5864440026	1.8682934203	1.1334726217	1.1617896471	0.7264626523	1.2454589703	1.0419534986	1.4790951319	1.0808383448	0.9463964222	1.2495300359	1.2416862065	1.2823528343	1.5265917740	1.1365145858	1.4923566924	1.0237807910	1.2131911501	1.4645674183	1.0038823215	1.0332579624	1.3044951402	1.2600565210	1.2130489679	0.7265582084	1.1896239015
M00223	0	0.0508791964	0.0121981945	0	0.1507581649	0.0751352482	0.0584207495	0.0412906925	0.1320845632	0	0	0.0346863818	0.0583766464	0	0.0460044678	0	0	0.0862063504	0	0	0	0	0	0.0938412679	0.0723607597	0	0.0685375741	0.0228219938	0	0.0748285508	0	0	0	0	0.4151415679	0.0510129886	0	0.0313600235
M00224	0	0	0	0.3853399878	0.2309858371	0	0	0	0.1804706778	0	0	0	0	0	0	0	0	0.1059939222	0	0	0	0	0	0.3606777757	0.1409571572	0	0.0271475460	0.3087062357	0	0	0.0557327156	0	0	0	0	0	0	0
M00225	0	0	0	0.5524453799	0.3603677202	0	0	0	0.0869998338	0	0	0	0	0	0	0	0	0.1068982286	0	0	0	0	0	0.3633996165	0.2515217580	0	0.0107113598	0	0	0	0	0	0	0	0.5749348703	0	0	0
M00227	0	0	0	0	0	0	0	0	0	0	0	0	0	0	0	0	0	0	0	0	0	0	0	0	0	0	0.0149926879	0	0	0	0	0	0	0	0	0	0	0
M00228	0.0472609061	0.0429714398	0.1520566794	0.1141878239	0.2031113653	0.1092143345	0.1848593567	0.1501760765	0.1056979763	0.0535611191	0.2709771037	0.1976180513	0.2292374808	0.1623414285	0.1203176131	0.1730577829	0.1507959522	0.1075726618	0.4853495374	0.1579258159	0.1316670470	0.3593286846	0.4342982114	0.1711803598	0.1609789076	0.0621769615	0.2297784358	0.2333086619	0.1619385429	0.1807618900	0.1315290176	0.0614487233	0.0565512844	0	0.1927513121	0.0376404679	0.1525504082	0.0431070100
M00229	0	0	0	0.4719606802	0.2448999037	0.0030982757	0	0.0048667272	0.1395381265	0	0	0	0	0	0	0.1266320497	0	0.0651025925	0	0	0	0	0	0.3434756469	0.1552955852	0	0.0165257519	0	0	0	0.0351117107	0	0	0	1.0342899056	0	0	0
M00232	0	0.0063547094	0	0.0950957153	0.2265901467	0.0071322136	0.0194232418	0.0152423098	0.1418009777	0.0079043038	0.0278147600	0.0238411800	0.0228561294	0.0317917758	0.0108387814	0.0305092631	0.0209132724	0.0581625061	0.0254465655	0.0349493217	0	0.0377391098	0.0416361014	0.1743988623	0.1211027845	0.0337791637	0.0156578889	0	0.0178795403	0.0121958776	0.0070822515	0	0	0	0	0	0.0209160232	0.0084805863
M00233	0	0.0035532275	0.0495018898	0	0.0391246275	0.0073906623	0.0104012521	0.0314932831	0.0099645190	0.0105841424	0.0146671405	0	0	0	0.0079687349	0	0.0418419706	0.0180555790	0.0413922656	0.0442876413	0	0.0344560386	0	0.0143534391	0.0324893541	0.0206743297	0.0220310534	0	0.0396145118	0.0156548199	0.0090571036	0	0	0	0	0.0323823676	0.0418474744	0.0123293520
M00234	0	0.0105812301	0	0.0550130141	0.0092374971	0.0137882546	0.0145507904	0.0150177451	0.0123343571	0	0	0.0149932332	0	0.0646369802	0.0140725381	0	0	0.0117522746	0	0.0180237121	0	0	0	0.0170523589	0.0067428720	0	0.0090857482	0	0.0183519489	0.0125334556	0.0107113580	0.0224476894	0	0	0	0	0	0.0079682634
M00236	0.8246165996	1.1711847586	1.7050032797	2.8525145520	1.5043667034	1.4829879613	1.5367552883	1.2891781779	1.1834054946	1.4467425887	1.8901599242	1.4751183098	2.0757790014	2.8012713496	1.1934060684	1.8408757903	1.5855014070	1.5040821301	1.8382416585	2.3076015702	2.9873692830	2.1997196265	2.6407660763	1.3957847239	1.4071287413	1.7934402548	1.6738767224	1.4108332275	1.6211767064	1.4162376418	1.2235870955	1.1820491100	0.6964001137	1.2677235769	3.1443781707	0.8606254469	1.5857099576	0.9627833813
M00237	0.6161320319	0.3779592759	0.8674537317	1.1928742831	0.3356722508	0.3834620811	0.6166552153	0.3680564213	0.3090980206	0.0873866129	0.4917795892	0.4587920126	0.6585615248	1.0424730893	0.3512564548	0.4912488050	0.6679592549	0.5963941482	0.5856055395	0.7995356212	0.8309274082	0.7430052847	0.9138056151	0.5115346065	0.4195341682	0.5259532257	0.6500535982	0.6421325304	0.6013809233	0.5515097707	0.3399228730	0.5970647780	0.0403744419	0	0.1534026595	0.3434283084	0.6680471156	0.3526451545
M00238	0.3248929910	0.3677402143	0.5080057575	1.2106980800	1.6832352470	0.4139348115	0.5534994432	0.4764002773	0.4966007604	3.2274329689	0.7173232120	0.3696699138	0.6797051810	0.9266088308	0.4225107660	0.8654024721	0.5571183327	0.6162914953	0.8918746025	0.6885195474	0.8932087009	0.4555438289	0.5754197546	0.8061816817	0.4770191884	0.5442991318	0.6170241889	0.9065182128	0.3477569847	0.4526100696	0.3025617625	0.3390897660	0.4310045474	0.6220482377	1.3510297488	0.4657711148	0.5572620627	0.2868899802
M00239	1.4171670842	0.8696248441	1.5670126499	3.5921847139	3.6715467404	1.3828463184	1.2360361293	1.1243663147	1.1562065286	5.0699842389	1.4513021022	1.2263391220	2.4494379225	2.5270845279	1.2494832986	1.7350578965	1.2197091459	2.6568370299	1.8257114026	1.6138250282	1.5897977723	2.3803413542	2.2236767258	1.8849412001	1.4308167009	1.4782234936	1.5834521652	2.2489119951	1.4996375717	1.2752484692	0.9561832563	1.2933667270	0.5920635272	0.6063758714	2.8969535145	1.0469836290	1.2199586196	0.8534228643
M00240	1.9696326434	2.1880832595	1.8868092889	5.1583654500	1.8504483652	1.1872698922	1.7885735019	2.0260248949	2.2045425883	0.5382916308	2.2120312088	1.9418351712	1.7326839935	2.9973434353	2.0118294780	1.9451683987	2.6595435589	2.4295438929	1.5753220264	1.7297227185	2.1564642333	1.2271260752	1.8976883651	3.7735171122	1.9813885104	1.8406906182	1.4986560695	1.7803810097	1.7874248937	1.6936710952	1.7557090106	1.7053613271	1.5580698783	2.9990043155	2.5320099419	1.9832711665	2.6598933847	2.0377100823
M00241	0	0	0	0	0.3439565347	0	0	0	0.0562237093	0	0	0	0.1306420906	0	0	0	0	0.0824845146	0	0	0	0	0	0.3288603534	0.1512150120	0	0	0	0	0	0	0	0	0	0	0	0	0
M00242	0.9523102345	0.9399786368	0.7749944343	1.1573516653	0.7532955517	0.3568037336	0.4700622389	0.6994631249	0.6298991821	1.0156469011	0.7176103801	0.8423930642	0.6227365993	1.3788032167	0.4395177580	0.8713789609	0.7932943431	0.8472498672	0.9229298584	0.2007678308	0.5827460184	0.4992236884	0.7178821110	0.8256626009	0.6002947075	0.7449657944	0.5277574277	0.7660294491	0.7821056751	0.7031943427	0.7391562594	0.6941756699	0.7328604503	0.9320107774	0.7645379374	0.7856093249	0.7933986899	0.7339176206
M00243	0	0.0174491786	0.0758380894	0	0.0137298199	0.0251086648	0	0.0379831896	0.0071562372	0	0.0490352273	0	0	0	0.1018062318	0	0	0.0040291162	0.0850770700	0	0	0	0	0.0829929683	0.0069112256	0	0.0107669256	0.0742124123	0	0.0131471622	0.0322425465	0	0	0	0	0	0	0.0127559862
M00244	0.0436584887	0.1763953009	0.1092389439	0.1459669855	0.0606227455	0.0516219689	0.0870704931	0.1818151776	0.0880930593	0.0042428477	0.1238679897	0.1495144459	0.0958149621	0	0.1686807474	0.0675468068	0.1309485548	0.0962292157	0.0708900212	0.0492562031	0	0.1000580006	0	0.4428785017	0.1017599487	0.0801766741	0.0842517671	0.0493666144	0.1521893104	0.1490590059	0.1121311039	0.0943305819	0.1177680426	0.1106030505	0	0.1971526806	0.1309657793	0.2090406015
M00245	1.2486460889	0.7279024929	1.5474089677	1.8585984250	0.7325396478	1.4684216470	1.6249264303	0.9793528352	0.8713034356	0.1820991690	1.4367227326	1.0140663855	1.7681347872	3.1858294108	1.3577260274	0	0	1.4401875046	1.5918918237	1.9091607086	2.0585989982	0	0	1.1118616371	1.0657493339	0	1.7132894834	0	1.1352596173	1.5189183667	0.7848726837	1.1886777203	0	0	1.6724106739	0	0	0.9136103577
M00246	1.2486460889	0.7279024929	1.5474089677	1.8585984250	0.7325396478	1.4684216470	1.6249264303	0.9793528352	0.8713034356	0.1820991690	1.4367227326	1.0140663855	1.7681347872	3.1858294108	1.3577260274	0.8469566479	1.0081501515	1.4401875046	1.5918918237	1.9091607086	2.0585989982	1.2420864019	1.8985803540	1.1118616371	1.0657493339	1.0140705133	1.7132894834	1.2770965518	0	1.5189183667	0.7848726837	1.1886777203	0.4716096394	0.6107343544	1.6724106739	0.7310896832	1.0067142790	0.9136103577
M00247	0.7617266415	0.2492432691	1.0120967360	0	0.6710640527	0.4321041113	0.5579055512	0.4907853854	0.2141021362	1.2538193881	0.9545351598	0.8450284618	0.7543084606	0.9254348932	0.5097385673	0.8841511055	0.4150355866	0.6017412380	0.8869053096	0.7732222259	1.1770105988	0.7261231379	0.9343731791	0.1785737492	0.3102137674	1.1445539596	0.7145431512	0.8177218803	0.4818974415	0.6043461682	0.2853961392	0.3099638542	0	0	0	0.4221798967	0.4150901788	0.3533245775
M00248	1.9226201246	2.1427903400	2.7050578760	3.2803101448	2.0609288186	2.3736208960	2.2521081004	2.1510740921	2.5676043961	1.9715185325	2.0786456100	2.4383896439	1.7058382696	2.5283065358	1.6381708834	2.1424277952	2.7603132301	3.2630014706	1.8550152419	2.9732260751	2.4769691605	2.6010420694	1.8156399565	3.5572729698	1.8425393416	2.3938560780	2.2089866935	3.1332321647	2.6172846960	2.4012434890	2.4432056240	1.8973620470	2.0819030528	3.3172959133	2.8268112533	1.9657027416	2.7627031695	1.7011780794
M00249	0	0	0	0.9016947751	0.1354098981	0	0	0	0.0730670761	0	0	0	0	0	0	0	0	0.0800932827	0	0	0	0	0	0.3887473130	0	0	0	0	0	0	0	0	0	0	0	0	0	0
M00250	0.6526009116	0.6158613283	0.7114446610	0	0.1439955192	0.5046245856	0.3916736988	0.5191134116	0.6585688847	0.0314778758	0.7274440196	0.7467499760	0.5202060761	1.3267881487	0.4823977389	0.4734897308	0	0.8280514410	0.3219189139	0.9226804329	0.8408876551	0.4873521108	1.0295673141	0.4205558995	0.2819398391	1.3088836410	0.7013859076	0.4263168539	0.7891166319	0.4201656117	0.1408857693	0.4917501067	0	0.5913370838	0.2590177689	0.5794513462	0	0.3498251916
M00251	0	0	0.4337557428	0	0	0.0155863856	0	0.1107522472	0	0	0	0.0359605354	0	0	0	0	0	0.1887839367	0.2598160421	0	0	0	0	0	0	0.3657357137	0.0986158014	0	0.1401429261	0.0966269506	0.0415615180	0.0843561455	0	0	0	0	0	0
M00253	0	0.0402757199	0.0366248699	0	0.0308778810	0.0492055793	0.0365644505	0	0	0.0385272381	0	0.0152995227	0	0	0	0	0	0.0494479746	0	0	0	0	0	0.0555174578	0	0	0.0295203757	0	0	0.0832266995	0.0526459283	0.0414750233	0	0	0	0	0	0
M00254	4.2236182045	3.4515460451	3.0902281677	3.1987897630	1.7850109688	2.6384496134	2.2621507859	2.9830526199	2.9519559709	1.2097082955	1.9390835000	2.6938247499	2.1467351554	3.8426407259	2.5803935388	2.5666245369	3.9178315216	2.8031276750	1.9530312799	3.2314895518	3.5383142938	2.8710898670	1.6748059762	2.6353173576	3.0286398776	2.8000891181	2.6489157574	3.1090841018	3.0362828341	2.7333898482	3.4686069557	2.7653811402	3.8872780556	3.4742682552	1.8840051437	2.5487604207	3.9184286720	3.2069804045
M00255	1.1030169881	1.0688687044	0.6110581308	0.7392224809	1.3148490763	0.4560959594	0.7042936637	0.8905789003	1.0383479611	0.8491574966	0.7359542550	0.7698580738	0.7324084594	0.9526832580	0.8364132201	1.0704559115	0.9310291709	0.7238982353	0.4909382090	0.4940885282	0.3103165126	0.2343103591	0.5843280309	1.1395434425	0.8070710269	0.9333659928	0.7998609862	0.8429691029	0.7862560476	0.7179358421	1.0987892468	0.6141495465	0.8349451940	1.3848723729	1.5341836362	1.0874284060	0.9311516348	1.0476480543
M00256	0.9682760734	1.0522076567	0.5391383785	1.0254309963	0.6117837248	0.5414954348	0.6654688315	0.8574546101	1.1241679285	0.2212235909	1.4235127074	0.8706205164	0.5060715375	0.8798827605	0.9455743911	1.0684039439	1.0513320699	1.0772294599	0.8272779179	0.4020570844	0.7622146056	0.6628024429	0.5982707261	0.8394200164	0.9934461073	0.8091034949	0.7849644241	0.8264241015	0.7789785686	0.7882345252	1.0121177323	0.8191113120	0.8708129850	0.7916772811	1.9014393092	1.0356527683	1.0514703580	1.0930797684
M00258	6.3423156307	6.5600042079	4.9776049947	4.9697486866	3.3490061904	4.4690350227	5.4481551415	5.8564565132	6.6748854354	1.8627442702	5.1277743028	5.3475172427	6.1099085171	5.6980143344	4.8589919658	7.0515222713	8.7959311466	6.0074593056	4.7414794710	6.1441142765	5.5048824777	3.9917413321	6.4520627022	4.8859400696	5.0657487109	5.2060109064	6.2876569306	4.7162233230	5.6647569180	5.3665344335	6.8607546682	4.7871851879	7.8395664168	6.4071340704	5.1938733867	4.7182626795	8.7970881286	5.7217481166
M00259	0	0	0	0	0.2900105369	0	0	0	0	0	0	0	0	0	0	0.1646384150	0	0	0	0	0	0	0	0.2813153038	0.0683289111	0	0	0.2781331457	0	0	0	0	0	0	0.3691491047	0	0	0
M00260	1.1225080630	1.0834760536	0.7858589843	0.4472893711	0.7785846940	0.6584216856	0.7359321177	0.8924357004	0.8803576960	0.6839738533	0.8195510909	0.8079421532	0.7763057616	0.5905008435	0.7862758426	1.1674292354	0.9972851960	0.8928375087	0.3768624612	0.6594733794	0.6269641093	0.7435836872	0.6191713292	0.8686961228	0.8888156334	0.8135155829	0.8182006429	0.8118604946	0.9256673032	0.9040404939	0.9958055509	0.9244953374	1.1905436405	0.6981634364	0.5966176616	0.8144342740	0.9974047247	0.9709611978
M00265	0.2116830317	0.0752931368	0.1088073975	0.4404108862	0.3549916890	0.0440610502	0.0973577942	0.1158280940	0.1984869732	0.2752261717	0.2160341185	0.0647512635	0.3076304511	0	0.1234381123	0.1812066513	0.1753256349	0.1628328820	0.1360024287	0.4492119771	0.5756996082	0.2378422754	0.3183500042	0.3701012992	0.1777339480	0.1652871055	0.1130386409	0.1564099569	0.1003125032	0.0942730822	0.1091463627	0.1318181310	0.1242323417	0	0.4897432388	0.1254725398	0.1753486965	0.0326696240
M00266	0	0.0608616785	0.0416141456	0.6586822352	0.5482955799	0.0342758298	0.0983500952	0.0781749338	0.2582418750	0.5941671473	0.1529028755	0.0669529963	0.1974335301	0	0.0826970476	0.2101179321	0	0.1888034614	0.1881233623	0	0.4624539433	0.1314366040	0	0.4470559580	0.1789673628	0.2697037197	0.1026929424	0.1237080727	0.0600698497	0.1137106672	0.0969724184	0	0	0.6291232220	0.6051126784	0.1429920576	0	0.0184816365
M00267	0	0.0453969498	0	0.0547409816	0.2632145329	0.0549721203	0.0670670731	0.0659527130	0.0577684215	0.3692605195	0.1953784780	0.0879138201	0	0	0.0337175093	0.1564743708	0.1077955341	0.1234327429	0	0	0.1785801660	0.1537410361	0	0.0939416033	0.0729320029	0.1270292246	0.1103798584	0.0792392331	0.0678739018	0.0726062963	0.0544190500	0	0.0855315387	0	0.4113344562	0.0940907922	0.1078097131	0.0282905400
M00268	0	0	0	0	0.4702000560	0	0.0591314925	0.0431031855	0	0.5937691885	0.1719852926	0	0	0	0	0.2485276756	0	0.0974506823	0.0977907321	0	0	0	0	0	0.1097550091	0	0.0628296399	0	0	0.0510078004	0.0734767594	0	0	0	0.5448956666	0	0	0
M00269	0	0.0623775135	0	0.1661384287	0.0573937603	0.0176992867	0.0423951454	0.0633744122	0.0452281675	0	0.0675113091	0	0	0	0	0.0680618069	0.1384267102	0.0682680324	0.0871905732	0	0.2285776084	0.1534617201	0	0.0717664107	0.0451964377	0	0.0393385482	0.0643328100	0.0461003706	0.0428443251	0.0537774808	0.0485102466	0	0	0	0.0610113399	0.1384449183	0.0353558343
M00270	0	0	0	0.3859253426	0.3776508850	0.0374421646	0	0.0593339883	0.2555064034	0	0	0.1193273502	0.1850208745	0	0.1075682035	0.2282298103	0	0.1474550577	0.2228375216	0	0	0.1869637992	0.2870176194	0.3826226823	0.1376562714	0	0.0929052067	0.1777832731	0	0.0736362481	0.0754656935	0.1204781473	0	0	0.5501149306	0	0	0.0602407982
M00271	0.1737756753	0.1335903289	0.1264542029	0.6981300851	0.2480427843	0.0818963251	0.0852826953	0.1275581591	0.0928538252	0.0601929064	0.1243803239	0.1059962920	0.2220462008	0	0.0927642789	0.1634634100	0.4818336378	0.2915371781	0.2084318411	0.2922209743	0.5559867915	0.1676480641	0.2183427606	0.2954329961	0.1612193709	0.2798675973	0.2363738512	0.2021979181	0.1319676722	0.1094159953	0.1416312551	0.1594325717	0	0	0.5975301487	0.1292004439	0.4818970163	0.0717566181
M00272	0	0	0	0	0.3090696732	0	0	0	0	0	0	0	0	0	0	0	0	0.0957787771	0	0	0	0	0	0	0.1333602631	0	0	0	0	0	0	0	0	0	0	0	0	0
M00273	0.3118045304	0.1346959171	0.1790979264	1.3754989324	0.7405001812	0.1924088831	0.1562986288	0.1588483603	0.3757675628	0.0396108289	0.2415511464	0.1692847002	0.3241363729	0.2715387166	0.2065987394	0.1906863373	0.3328866236	0.3489809030	0.3649224896	0.2614373687	0.2865143836	0.3536040641	0	0.7080725630	0.3223464316	0.3874681625	0.2394869046	0.4946241968	0.2990502807	0.1343280405	0.1302530212	0.2688855670	0	0	1.1350930213	0.1569768415	0.3329304102	0.1016738645
M00274	0	0.0567697213	0	0.6825686834	0.5767559916	0	0.0386631102	0	0.2034939234	0.0599995479	0	0	0.1348589998	0	0	0.3866609340	0	0.2243291316	0	0.4611718131	0	0	0	0.4812866326	0.2731572224	0.3349932205	0.0429755836	0	0	0.0587761072	0	0	0	0	1.0481477818	0	0	0
M00275	0	0.0555405024	0	0.3908136608	0.5774995902	0	0.1370337989	0.1620705720	0.0872723974	0.7268482183	0	0.0933335502	0	0.2790557615	0.1059731764	0.2658274675	0.2299984886	0.5280888555	0.3621415543	0	0.8092195538	0.2347172446	0.4081280388	0.4544316086	0.2215948978	0.9093778357	0.1201613357	0.2262610060	0.3232942476	0.1164033737	0.1939787915	0	0	0	1.1966778016	0	0.2300287417	0.2173961966
M00276	0	0.2477025432	0.2452953312	1.8524953056	0.9588003972	0.1199670850	0.2283948229	0.2910962736	0.4077526203	0	0	0.2730224066	0.5029198105	0	0.1936421978	0.4488474871	0.6143943022	0.4743794936	1.0809043667	0.7818665576	0	0.2778810644	0.3384854977	0.8734342673	0.5583133065	1.6537093409	0.3225736838	1.0855631811	0.3708259976	0.2242958909	0.3600223460	0.4574511095	0	0	2.3978144186	0.1401236992	0.6144751172	0.0579384786
M00277	0	0.0950941198	0	0.4662344570	0.3275048348	0.0129901926	0.0266818836	0.1119403890	0.2935758432	0	0	0	0.3539011698	0	0	0.1761142011	0.2274215605	0.1672466733	0.1815169671	0	0	0	0	0.4466636781	0.1959302420	0.1652794082	0.0954721470	0.2345940262	0.0593890699	0.0918777421	0.1096493638	0.0497290687	0.2682693341	0	0.4476056490	0	0.2274514747	0
M00278	0	0	0	0.4479644045	0.0380143063	0	0	0	0.1015991625	0	0	0	0	0	0	0	0	0	0	0	0	0	0	0.1425845423	0.0658726027	0.3975237628	0	0	0	0	0	0	0	0	0	0	0	0
M00279	0.2571971185	0.3365585352	0.1334318347	0.7857555418	0.7079122432	0.0613263770	0.1512831491	0.3316319069	0.4567436797	0	0.1428155529	0.1995903849	0	0	0.1397823217	0.1850885597	0	0.4235456337	0.1177566552	0	0	0	0	0.7813803648	0.5119518627	1.0286424202	0.1913654113	0.4789122245	0.1581863962	0.1147738981	0.1825408469	0.2766396225	0	0.3294950805	0.9454544902	0.3523931744	0	0.2029176912
M00280	0	0	0	0.5765439644	0.2983323179	0	0	0	0	0	0	0	0	0	0	0	0	0.0365891842	0	0	0	0	0	0.2753008951	0.1027991218	0	0.0192888135	0	0	0	0.0556451926	0	0	0	1.1031185508	0	0	0
M00281	0	0	0	0	0.0075310888	0	0	0	0	0	0	0	0	0	0	0	0	0.0166740838	0	0	0	0	0	0	0	0	0.0096269189	0.0795695478	0	0	0.0233484698	0	0	0	0	0	0	0
M00282	0.1201762185	0.0591908573	0.0956898641	0.4274195127	0.2336180648	0.0500789345	0.0968087502	0.0549423074	0.1405197180	0.2369464951	0.0816109038	0.0532359022	0.1268805455	0	0.0581361878	0.0797829781	0.1658669333	0.1556152757	0.1014306491	0.2081301737	0.2562783104	0.1946428475	0	0.2565794849	0.1266963773	0.2114865215	0.1040250547	0.1903148752	0.0641863333	0.0783699135	0.0456364942	0.0630170861	0.0851288117	0	0.1795681141	0.0865208370	0.1658887508	0.0367168021
M00283	0	0.0775475586	0	0.4899343992	0.8004841630	0	0	0	0.2069582506	1.7113872859	0	0	0	0	0	0	0	0.1445498701	0.2828331837	0.1732000556	0	0	0	0.6154999005	0.3132381920	0	0.0588575159	0	0	0	0.0629209440	0	0	0	0.5779230218	0	0	0
M00287	0	0.0268520474	0	0.7367980327	0.3120825936	0.0181123138	0	0.0517224726	0.2221718173	0	0	0	0	0.2677859139	0	0.1792297558	0	0.1328918726	0	0	0.1883623949	0	0	0.6350861062	0.2564791041	0.1225164141	0.0821089163	0.1931904020	0.0445016407	0.0325336120	0.0119898402	0.0390914842	0	0	0	0	0	0.0260879056
M00290	0	0	0	0	0.0529115028	0	0	0	0	0.1443836755	0	0	0	0	0	0	0	0	0	0	0	0	0	0	0	0	0.0209775661	0	0	0.0225649384	0	0	0	0	0	0	0	0
M00299	1.1583507846	1.0346300976	0.8517039597	0.9508207910	1.3304087002	0.5514186342	0.7753800367	0.7801577824	0.8825052430	1.4051497385	0.9065443661	0.7723763669	1.0368613236	1.2393354286	0.7482074474	0.7256637953	1.2397548906	0.8714639616	0.5699408470	1.1121921765	1.3355376970	0.8470435214	1.0175904536	1.0813155586	0.8157107583	0.8924053350	0.7760288129	0.8629277832	0.9922813659	0.8049466334	0.9286811908	0.9408556995	0.9775359890	0.6290698166	0.8542032250	0.9944451298	1.2393401303	0.8433919981
M00300	0	0.0170710545	0	0.2806133148	0.2362088866	0	0	0	0	0	0	0	0	0	0	0	0	0.0351849578	0	0	0	0	0	0.1097389496	0.0537503742	0	0.0107455610	0	0	0	0	0	0	0	0	0	0	0
M00304	0	0	0	0	0	0	0	0	0	0	0	0	0	0	0	0	0	0.0136463566	0	0	0	0	0	0	0	0	0.0108320596	0	0	0	0	0	0	0	0	0	0	0
M00306	0	0.0511966500	0	1.1855980154	0.6741791342	0	0	0	0.1639062089	0	0	0	0.0677193916	0.2474947341	0.0333880648	0	0.0977319694	0.1564977414	0	0	0	0	0	0.4141931329	0.2442095402	0	0.0236774443	0.0464230002	0	0.0049774396	0.0424558412	0.1661924932	0	0	1.6432915234	0.1169237926	0.0977448247	0
M00307	0	0.3830089555	0.1561613979	0.3369435069	0.5144905272	0.1448918317	0.1814688744	0.2478738608	0.4180897955	0	0	0.1968339540	0	0	0.3454710979	0.2384701853	0	0.2424893952	0	0	0	0	0	0.5393864294	0.3397474725	0	0.2201445661	0	0	0.2293926029	0.3682727558	0.2456862629	0	0	0.3371119078	0.1854626395	0	0.2828326857
M00308	0.7873064806	1.0584999278	1.1443370751	1.0628043285	0.9932546544	0.6332342351	1.0302605460	1.2491740628	0.8068306174	0.9759092341	0.7139663539	0.6433115842	1.4740088606	1.8710223053	0.7746635041	1.0678648984	1.0477560529	0.8783697094	0.5701699618	1.3453804534	0.6424961937	1.0971401704	0.8951251394	1.0626174824	0.9204974046	0.6589504943	1.2655691387	0.9565334912	1.2191457747	0.9985150771	0.9104402029	1.0381413205	0.9193182541	1.2427716591	1.0429354936	0.8578952973	1.0478938706	0.9673621779
M00310	0	0	0	0	0.5888957604	0.0418212623	0	0	0	1.3383726926	0	0	0	0	0	0	0	0	0	0	0	0	0	0	0	0	0.0810223947	0	0	0	0.1258623532	0	0	0	0	0	0	0
M00311	1.5100179971	1.5288175908	0.8983261186	0.2684185195	1.2487701154	0.7529198793	0.8366016856	1.3168490588	1.5115934840	1.7068563242	0.9425513091	1.0923643529	0.6802173312	0	1.2213849561	0.8894065635	1.3453835146	0.8871440315	0.4800753425	0.6245942942	0.9786949539	0.2368132016	0	1.3165187338	1.1334351904	1.0536596636	0.8077904219	0.7593057235	1.0563913948	1.1337926321	1.0724649543	1.3633054727	1.6706726715	2.6517521394	0	1.2543919648	1.3455604811	1.5872428388
M00312	0	0.0194739153	0	0	0.0471030774	0.0155724090	0.0121033668	0.0182076877	0.0363324913	0.0693729895	0	0	0	0	0	0	0	0.0183995534	0	0	0	0	0	0	0.0181722769	0	0.0090592742	0	0.0125797931	0.0159054139	0.0140543648	0.0244932028	0	0	0	0	0	0.0187631226
M00313	0.7647673795	0.7590246704	0.2208134820	0	0.2203127715	0.3752541493	0.4276809925	0.6724481722	0.8063480793	0	0.4301502240	0.5138585915	0.6431038470	0	0.5542015700	0.3317593312	0.5752156449	0.4593384133	0.2454549074	0.2992042605	0	0.2252959810	0	0.7588321431	0.4476538057	0.3963655316	0.5288042671	0.4270102435	0.5523248160	0.5632949512	0.6948364267	0.7332941724	0.6280732014	1.1417183968	0	0.5900875315	0.5752913065	0.6849554267
M00317	0	0	0	0.7054785076	0.2906801023	0	0	0	0.0829059058	0	0	0	0	0	0	0.3557336857	0	0.0611996473	0	0	0	0	0	0.6344090325	0.0888202879	0	0.0316153538	0	0	0	0	0	0	0	0	0	0	0
M00318	0	0	0	0	0.0083764254	0.0050460424	0	0	0	0	0	0	0	0	0	0	0	0	0.0591403825	0	0	0	0	0.0382576078	0	0	0.0025268410	0	0	0	0	0	0	0	0	0	0	0
M00319	0	0	0	0	0.0087088627	0	0	0	0	0	0	0	0	0	0	0	0	0	0	0	0	0	0	0.0103494487	0	0	0.0225481880	0	0	0	0	0	0	0	0	0	0	0
M00320	0.6012785535	0.4149323565	0.1875780234	0.2881131371	0.8077827665	0.1329575568	0.2931741797	0.3815992343	0.4692195161	0.4653176655	0.3690796442	0.2539379907	0.4676160914	0.4777222643	0.3694554723	0.3373285067	0.3497833025	0.2709525200	0.2567288646	0.1170394366	0.1439962813	0.3418011962	0.2438828949	0.7900891733	0.4794739510	0.3033687534	0.2548450137	0.1947941218	0.2771758596	0.3167770339	0.4606969120	0.2878306639	0.4266109070	0	0.5416859238	0.4340734879	0.3498441277	0.4996538948
M00324	0	0.0608979976	0.0117165925	0.5935001617	0.4181638892	0.0401814803	0.0340598406	0.0483689641	0.1380978354	0.0300398641	0.0329141477	0.0225245006	0.1656825899	0.1008733435	0.0561597007	0.1801160488	0.0348941423	0.2297295375	0.0164406104	0	0	0.2137511188	0	0.3880022362	0.2015780116	0	0.0667462530	0.1217530489	0.0453081661	0.0401396324	0.0659824527	0.0515837912	0	0	0.7462395684	0.0459616694	0.0348987321	0.0504620906
M00325	0	0.7322124797	0.2878995831	0	0.7036673928	0.2414755783	0	0.4740667393	0.7231340930	0	0	0	0	0.2770014564	0.3604669363	0	0	0.4085678658	0	0	0	0.2532758982	0	1.0380646113	0.6112442370	0.7327407620	0	0.4716877401	0	0.5229168602	0	0.5045926409	0	0	0.4758235995	0	0	0.6459158941
M00326	0.5108009161	0	0	0.8246736708	0	0	0.2908717271	0	0	0.7958300069	0.1718470406	0.3984925219	0.3302158974	0	0	0.4213050644	0.5949547106	0	0	0.2754008053	0	0	0.2727278863	0	0	0	0.3736240037	0	0.4074220798	0	0.6358477244	0	0.9773458364	0.6820201092	0	0.6604589553	0.5950329686	0
M00331	0	0	0.0339503183	1.5699248021	0.5823170564	0.0159532461	0	0.0060351953	0.2686389999	0	0	0	0.1588977162	0	0.0434479336	0.3129351038	0.0579574399	0.2299416413	0.0455429020	0	0	0	0	0.8106314491	0.3355385638	0.1421964438	0.0115488286	0	0	0	0.0361084077	0	0	0	0.6003237951	0	0.0579650633	0
M00332	0	0.0155430025	0	0	0.1384987605	0	0	0	0	0.0040178915	0	0	0	0	0	0	0	0.0056697763	0	0	0	0	0	0	0.0148412099	0	0.0019060658	0	0	0	0	0	0	0	0.1289814551	0	0	0
M00333	0.2022271580	0.1671274811	0.5652100358	0.1588788372	0.0650021612	0.4796635062	0.4490251379	0.2351672253	0.0926592979	0.0262198496	0.2483174144	0.3514320239	0.4424011630	0.5497770114	0.3252549430	0.4103963230	0.3974772109	0.2359731896	0.3794212508	0.4749510556	0.4106898037	0.3896632165	0.5995090430	0.3984462528	0.3338989261	0.3481875435	0.3838563577	0.3827065440	0.3518167396	0.3380599451	0.2058580710	0.3793408563	0.0991014011	0.1006713967	0	0.2301639328	0.3975294935	0.3070443054
M00334	0	0	0	1.0291126667	0.1673833887	0	0	0	0.1107187898	0	0	0	0.1860086270	0	0	0.0524964094	0	0.1867177278	0	0	0	0	0	0.4748418154	0.1092917915	0	0.0087020461	0	0	0	0.0050629857	0	0	0	1.0710518920	0	0	0
M00335	1.0876371945	0.8279145948	0.9746263566	0.8861924112	0.8812601515	0.6636632553	0.8176972443	0.8191976344	0.9198238837	1.0174512417	0.8177120232	0.7682941107	0.7759500391	0.6824872025	0.7232195410	1.0811646418	1.0614158420	0.8192871474	0.7866080047	0.6207936568	0.7430879021	0.7863368904	0.8528763551	0.7419267846	0.7817065087	0.9456055784	0.7913018066	0.6606299120	0.8179741231	0.8243924908	0.8569993535	0.8373544221	0.8654333885	0.7142650012	1.3908554102	0.8618303633	1.0615554564	0.7907704534
M00336	0.9120904036	0.8949690175	0.3942183181	1.2555891218	0.4013238433	0.2166308606	0.2634274653	0.6003918757	0.4681198111	0	0.1507017828	0.6745578952	0.6544480092	0.7366819694	0.3406820323	0	0.3772856284	0.2739279669	0.4248615844	0.2105000602	0.3982593925	0	0	1.0614388645	0.5796945221	0.1120671099	0.4429233098	0.2307911351	0.6426722824	0.5113232520	0.4061087248	0.3772029927	0.1578998658	0.3580439952	1.3377777184	0.4196125812	0.3773352551	0.4361363488
M00338	0	0	0	0	0	0.0148098107	0	0	0	0	0	0	0	0	0	0	0	0	0	0	0	0	0	0	0	0	0	0	0	0	0	0	0	0	0	0	0	0
M00342	0	0	0	0	0	0	0	0.0305519234	0	0	0	0	0	0	0	0	0	0	0	0	0	0	0	0	0	0	0	0	0	0	0	0	0	0	0	0	0	0
M00344	0	0	0	2.0164405251	1.1785554936	0.5072592717	0	0	0.8220723562	0.5750553836	0	0	0	0	0	0	0	1.0680093702	0	0	0	0	0	1.4920694159	0.8588628474	0	0	0	0	0	0	0.6940567280	0	0	1.3605361171	0	0	0
M00345	0	0	0	0	1.4779592510	0	0	0	1.5506058986	0	0	0	0	0	0	0	0	1.8113001295	0	0	0	0	0	1.9046794176	1.3657589943	0	1.5375363664	0	0	0	0	0	0	0	0	0	0	0
M00346	0.7037316943	0.8963793520	0.6716049501	0.7851395521	0.7894790130	0.5670874261	0.6770088101	0.8161904182	0.9558075627	0.4955379103	0.6352818729	0.6472545855	0.8062174256	0.6878308941	0.6452979262	0.6852007528	0.9369382270	0.8939805893	0.4812059417	0.9144574883	0.5446472965	0.6481104386	0.7324842226	0.8844989001	0.7694342927	0.9962222090	0.7401496585	0.6712584879	0.7152775693	0.7453077643	0.7922081006	0.7124347387	0.9315556644	0.9934327377	0.7234799601	0.6757150866	0.9370333556	0.8003916501
M00347	0	0	0	0	0	0	0.0127829904	0	0	0	0	0	0	0.0405377345	0	0.0338796662	0	0	0	0	0	0	0	0	0	0	0.0108677965	0.0142929217	0.0056863716	0	0	0	0	0	0	0	0	0
M00348	0	0.0073895456	0.0149319547	0.5571640364	0.3263557330	0.0229100412	0.0165769766	0.0372217035	0.0759937420	0.0182132051	0.1083534043	0.0269527918	0.0638567512	0.0283858772	0.0261858731	0.2103440344	0.0426001436	0.1362782987	0.0419699590	0	0	0.0409225841	0	0.3852900731	0.1525383556	0.0227276343	0.0217919606	0.0301797539	0.0226555829	0.0190647826	0.0580782822	0.0143995847	0	0.0239813674	0.4213261427	0.0145356998	0.0426057471	0.0140793237
M00349	0	0	0	0.1359122978	0.2381845354	0.0053190936	0	0	0.0461484448	0	0	0	0	0	0.0091596622	0	0	0.0365597000	0	0	0	0	0	0.1768854391	0.0483579527	0	0.0061263021	0	0	0	0.0127060868	0	0	0	0.1840212193	0	0	0.0062903550
M00350	0	0	0	0	0	0	0	0	0	0	0	0	0	0	0	0	0	0	0	0	0	0	0	0	0	0	0.0079136344	0	0	0	0	0	0	0	0	0	0	0
M00359	1.3657737369	1.1831978211	1.3743527281	1.3526868197	1.1254587142	1.0825959468	1.1846272579	1.0943656022	1.1815839676	0.9648172083	1.2687554668	1.1290730925	1.3056031142	1.5443643949	1.2044151357	1.0617048049	1.5110825254	1.1446262452	1.1184541026	1.4538139375	1.2763317129	1.3264838257	1.4557506773	1.2737930673	1.1463333064	1.4098290340	1.1084413021	1.2873787390	1.1657815439	1.1344311399	1.1269191632	1.3083748808	1.2655513445	1.6232844557	1.4458872512	1.2701538738	1.5112731935	1.2210944756
M00360	1.2569851179	1.1332295664	1.2763958936	1.2906220108	1.0654218864	1.0526372104	1.1321323079	1.0569490279	1.1026608886	0.9312832029	1.1920019646	1.0853120842	1.2018532174	1.3862273585	1.1390669995	1.0191124542	1.3705872642	1.0984838713	1.0105000971	1.3102576577	1.1519695069	1.2013087185	1.3296076676	1.1832860097	1.0815882029	1.3194059933	1.0663485280	1.1878533900	1.1061269846	1.0904784994	1.0776664852	1.2187356846	1.1565369283	1.4477388415	1.3176557830	1.1671090967	1.3707619814	1.1555006374
M00361	1.6369690332	1.3268441476	1.0887336202	1.3902792100	1.2615607002	0.9782519762	0.9918112221	1.3243377237	1.3168729431	1.0345110773	1.0034479080	1.1610561559	1.0313062819	0	1.2246571501	0.9959777981	1.3575136366	1.0389931658	0.8826847337	0	1.2255336727	0	0	1.5978914315	1.4490628216	1.3279949572	0.9749379629	1.0323906846	1.1725928561	1.1507994126	1.5775782888	1.2312209235	0	0	1.3832649468	1.0594085738	1.3576921986	1.2575826669
M00362	1.5076574154	1.2212626296	1.0129603461	1.4588730563	1.1692258924	0.8511678652	0.9414965092	1.1000186530	1.1965762124	1.1033852602	0.9716304012	1.0988144965	0.8904149220	1.1932123798	1.0792212756	0.8899852996	1.3951844242	0.9229019329	0.9099270703	0.7570582445	1.0383929928	0.9332220618	0.9576035392	1.4581928914	1.4582789716	1.3509351308	0.9067721216	0.9204837608	1.1285937856	1.0943119111	1.4527289445	1.1339386931	1.0705980340	1.2933940875	1.2101023340	1.0704066440	1.3953035757	1.1700494742
M00364	0.4881367810	0.5486871702	0	0.2451290110	0.5113845059	0.3166951841	0.3691229975	0.4100019383	0.5268518411	0.4617976557	0.3124915076	0.4296572424	0.4343504675	0	0.2363841301	0.6165809228	0.4117329568	0.4369110358	0.3079277552	0.5578221904	0	0	0.3645506880	0.6850228980	0.4828582156	0.8729178985	0.4022374667	0	0.4090575324	0.4285592612	0.4658277525	0.4113590535	0.6272735914	0.5044054882	0	0.5508694682	0.4117871145	0.3896431563
M00365	0	0.0276537846	0	0	0.4214093648	0.0345882578	0	0.0373594762	0.1742978864	0	0	0	0	0	0.0403249955	0	0	0.1059212941	0	0	0	0	0	0.4350343163	0.0551946305	0	0.0649712689	0	0	0.0303343820	0.0483323109	0.0451836146	0	0	0.6853706539	0	0	0.0257545818
M00366	0	0	0	0	0.5113845059	0	0	0	0.5268518411	0	0	0	0	0	0	0	0	0.4369110358	0	0	0	0	0	0.6850228980	0	0	0	0	0	0	0.4658277525	0	0	0	0	0	0	0
M00374	0	0	0	0	0.5561756476	0.2553718185	0	0	0	0	0	0	0	0	0	0	0	0.4238060287	0	0	0	0	0	0.6888389456	0.5183924873	0	0.3560786727	0	0	0	0.4187097376	0	0	0	0	0	0	0.3773100457
M00375	0.5390598311	0.5333932406	0.4379201992	0.6361249195	0.5338976413	0.2760646343	0.4320466118	0.5241334538	0.5747507345	0.3797140015	0.5105937363	0.4391255007	0.4755533906	0.6058423032	0.4650404941	0.5947187993	0.4294149224	0.6047816579	0.5101965118	0.5717185791	0.4220919795	0.5065076106	0.4081583336	0.6098934737	0.5614870937	0.6383012713	0.4907534387	0.6244648094	0.4857655691	0.5041253049	0.5404244848	0.5027618436	0.4472882277	0.6954075696	0.6699645386	0.4314810176	0.4294873031	0.5066455665
M00376	0	0	0	0	0.4968709368	0.3573894047	0	0.5967816537	0.6463091348	0	0	0.5102783264	0	0	0.5445077227	0	0	0.5628356488	0	0	0	0	0	0.6894852351	0.5890948519	0	0.5240774853	0	0	0.5992407185	0.6113891683	0	0	0	0	0	0	0
M00377	0.6016357512	0.6809892478	0.6977720813	0.6456809148	0.7874603245	0.5418606493	0.6853107520	0.6862013979	0.7982850695	1.0382000394	0.7127216305	0.6578182459	0.6232991294	0.8325030855	0.7910850722	0.7134482003	0.8436093140	0.6936977173	0.5398766541	0.5778907158	0.4801054760	0.7426773674	0.5338749245	0.7347192147	0.6778402359	0.6719993633	0.6602140734	0.5230615793	0.7436116384	0.6675840063	0.7292907904	0.6946686891	0.4850318623	0.3625298802	0.4544684332	0.6082926146	0.8437202791	0.6328278782
UNINTEGRATED	217.2525768548	219.7183630970	172.0515463617	290.4448637896	270.8931847160	140.9571232415	172.5980648203	190.9843233880	247.0084713651	128.6410135671	171.8308911959	183.3594508066	200.1603770752	199.8721236237	173.2851426632	191.3470591682	214.4558432088	237.5789397354	127.6536813962	155.5317207395	139.3407257947	141.8786210755	146.8016628441	322.3205493576	237.2219557313	204.1537587425	199.6439311392	190.3412879028	184.5963953022	197.7916483268	222.5091034767	186.3226925853	191.6995503109	206.4808171606	266.1295683580	185.6420217945	214.4648355859	196.3419668144
UNMAPPED	0.0000000000	0.0000000000	0.0000000000	0.0000000000	0.0000000000	0.0000000000	0.0000000000	0.0000000000	0.0000000000	0.0000000000	0.0000000000	0.0000000000	0.0000000000	0.0000000000	0.0000000000	0.0000000000	0.0000000000	0.0000000000	0.0000000000	0.0000000000	0.0000000000	0.0000000000	0.0000000000	0.0000000000	0.0000000000	0.0000000000	0.0000000000	0.0000000000	0.0000000000	0.0000000000	0.0000000000	0.0000000000	0.0000000000	0.0000000000	0.0000000000	0.0000000000	0.0000000000	0.0000000000
